,0,1,2,3
0,0.0,0.248,68.0,1.2
1,0.0,0.476,36.0,2.94
2,2.0,0.464,42.0,3.2
3,1.0,0.845,122.0,4.25
4,0.0,0.363,56.0,4.33
5,4.0,0.1,1.0,1.0
6,4.0,0.1,1.0,1.0
7,0.0,0.345,55.0,0.94
8,1.0,1.614,150.0,4.69
9,1.0,1.614,150.0,4.69
10,1.0,1.48,41.0,5.32
11,3.0,0.301,22.0,1.77
12,4.0,0.161,23.0,0.84
13,1.0,2.01,223.0,10.76
14,1.0,1.23,72.0,6.73
15,2.0,0.464,42.0,3.2
16,2.0,0.373,48.0,2.58
17,0.0,0.511,26.0,3.1
18,2.0,0.365,38.0,2.64
19,1.0,0.86,52.0,5.63
20,1.0,0.99,332.0,3.04
21,1.0,0.783,28.0,5.36
22,2.0,0.791,66.0,5.59
23,1.0,1.587,121.0,9.42
24,1.0,7.484,392.0,8.65
25,1.0,3.599,390.0,7.14
26,1.0,9.008,537.0,16.48
27,1.0,1.567,208.0,3.51
28,1.0,7.484,392.0,8.65
29,4.0,0.1,1.0,1.0
30,1.0,9.008,537.0,16.48
31,1.0,0.99,332.0,3.04
32,1.0,15.993,1226.0,14.96
33,1.0,1.055,58.0,4.81
34,0.0,0.125,4.0,0.0
35,1.0,1.057,103.0,7.05
36,1.0,1.614,150.0,4.69
37,2.0,0.777,73.0,3.18
38,1.0,1.614,150.0,4.69
39,1.0,1.614,150.0,4.69
40,3.0,0.304,58.0,0.68
41,1.0,4.103,449.0,8.2
42,0.0,0.387,31.0,0.0
43,3.0,0.519,15.0,1.0
44,0.0,0.313,13.0,2.37
45,1.0,2.823,252.0,11.83
46,3.0,0.32,33.0,1.18
47,0.0,0.484,17.0,0.0
48,2.0,0.502,83.0,3.87
49,3.0,0.268,11.0,0.67
50,1.0,1.057,103.0,7.05
51,1.0,1.468,214.0,7.32
52,1.0,2.823,252.0,11.83
53,1.0,2.01,223.0,10.76
54,0.0,0.249,7.0,1.12
55,1.0,1.365,178.0,7.8
56,1.0,0.929,148.0,5.02
57,1.0,1.78,199.0,13.21
58,1.0,2.147,162.0,8.94
59,1.0,0.666,36.0,3.24
60,1.0,0.666,36.0,3.24
61,0.0,0.24,14.0,0.0
62,1.0,1.35,55.0,5.69
63,4.0,0.139,5.0,0.13
64,1.0,1.614,150.0,4.69
65,1.0,2.153,218.0,12.03
66,2.0,0.578,120.0,3.71
67,3.0,0.195,13.0,0.5
68,0.0,0.153,10.0,0.0
69,0.0,0.3,17.0,0.0
70,0.0,0.123,11.0,1.02
71,0.0,0.11,2.0,0.45
72,0.0,0.11,2.0,0.45
73,0.0,0.602,88.0,3.13
74,0.0,0.129,3.0,0.0
75,0.0,0.326,189.0,4.4
76,0.0,0.11,2.0,0.45
77,4.0,0.218,17.0,1.12
78,1.0,1.614,150.0,4.69
79,1.0,1.614,150.0,4.69
80,0.0,0.124,1.0,1.0
81,0.0,0.169,7.0,0.52
82,3.0,0.304,58.0,0.68
83,3.0,0.304,58.0,0.68
84,0.0,0.134,10.0,0.3
85,4.0,0.118,3.0,0.11
86,1.0,1.614,150.0,4.69
87,1.0,0.534,68.0,4.35
88,1.0,15.993,1226.0,14.96
89,1.0,9.008,537.0,16.48
90,1.0,1.613,133.0,10.45
91,0.0,0.387,31.0,0.0
92,1.0,0.76,139.0,4.19
93,1.0,1.075,49.0,4.85
94,0.0,0.387,31.0,0.0
95,1.0,0.558,49.0,3.98
96,1.0,1.587,121.0,9.42
97,1.0,0.898,26.0,10.92
98,4.0,0.1,1.0,1.0
99,0.0,0.168,9.0,0.0
100,3.0,0.253,42.0,1.42
101,0.0,0.201,3.0,1.76
102,3.0,0.304,58.0,0.68
103,0.0,0.166,7.0,0.79
104,2.0,0.502,83.0,3.87
105,0.0,0.347,15.0,5.06
106,1.0,1.614,150.0,4.69
107,0.0,0.602,88.0,3.13
108,1.0,0.666,36.0,3.24
109,1.0,9.008,537.0,16.48
110,1.0,1.778,175.0,7.17
111,1.0,1.262,119.0,9.11
112,1.0,0.666,36.0,3.24
113,3.0,0.276,51.0,1.61
114,1.0,3.599,390.0,7.14
115,1.0,3.599,390.0,7.14
116,1.0,0.914,63.0,9.8
117,0.0,0.261,12.0,0.0
118,1.0,1.075,49.0,4.85
119,1.0,1.057,38.0,5.59
120,1.0,9.008,537.0,16.48
121,1.0,1.099,60.0,2.3
122,1.0,0.666,36.0,3.24
123,1.0,9.008,537.0,16.48
124,1.0,0.666,36.0,3.24
125,3.0,0.268,11.0,0.67
126,1.0,1.24,213.0,4.13
127,2.0,0.723,111.0,2.5
128,0.0,0.546,163.0,4.65
129,1.0,0.459,106.0,2.96
130,1.0,0.619,187.0,1.85
131,1.0,1.057,103.0,7.05
132,0.0,0.199,46.0,1.71
133,0.0,0.121,2.0,0.31
134,1.0,0.975,104.0,6.33
135,1.0,0.977,64.0,2.97
136,1.0,2.153,218.0,12.03
137,2.0,0.578,120.0,3.71
138,0.0,0.526,10.0,0.0
139,1.0,2.153,218.0,12.03
140,1.0,0.53,76.0,3.12
141,1.0,1.262,119.0,9.11
142,0.0,0.175,10.0,0.0
143,3.0,0.32,33.0,1.18
144,1.0,1.567,208.0,3.51
145,0.0,0.156,11.0,0.64
146,1.0,0.718,55.0,3.17
147,1.0,9.008,537.0,16.48
148,2.0,0.437,70.0,2.68
149,2.0,0.32,17.0,2.64
150,1.0,0.443,70.0,2.97
151,3.0,0.309,67.0,1.55
152,0.0,0.269,39.0,1.22
153,0.0,0.195,32.0,0.86
154,0.0,0.109,2.0,0.38
155,0.0,1.122,96.0,7.95
156,2.0,0.684,29.0,2.88
157,4.0,0.21,58.0,0.77
158,3.0,0.32,33.0,1.18
159,4.0,0.1,1.0,1.0
160,1.0,2.565,64.0,6.1
161,2.0,0.919,78.0,4.09
162,4.0,0.1,1.0,1.0
163,1.0,3.599,390.0,7.14
164,1.0,9.008,537.0,16.48
165,2.0,0.919,78.0,4.09
166,1.0,1.614,150.0,4.69
167,1.0,0.365,29.0,2.31
168,1.0,9.008,537.0,16.48
169,1.0,1.567,208.0,3.51
170,1.0,1.406,62.0,3.24
171,1.0,0.365,29.0,2.31
172,1.0,9.008,537.0,16.48
173,1.0,1.015,151.0,1.93
174,2.0,0.542,14.0,3.2
175,4.0,0.1,1.0,1.0
176,2.0,0.304,19.0,0.42
177,1.0,0.927,70.0,2.86
178,1.0,1.614,150.0,4.69
179,1.0,0.914,63.0,9.8
180,4.0,0.1,1.0,1.0
181,2.0,0.693,34.0,2.96
182,1.0,0.666,36.0,3.24
183,0.0,0.782,27.0,5.79
184,1.0,2.001,185.0,6.8
185,1.0,1.276,140.0,6.79
186,1.0,1.085,143.0,7.08
187,3.0,0.302,68.0,1.72
188,4.0,0.1,1.0,1.0
189,1.0,3.599,390.0,7.14
190,1.0,0.547,67.0,1.71
191,0.0,0.352,29.0,2.53
192,0.0,0.212,21.0,0.93
193,0.0,0.177,14.0,0.0
194,0.0,0.834,24.0,0.0
195,0.0,0.331,32.0,0.0
196,0.0,0.212,21.0,1.42
197,0.0,0.151,6.0,0.63
198,1.0,1.524,272.0,4.4
199,1.0,1.005,84.0,4.8
200,1.0,0.903,145.0,3.11
201,0.0,0.213,3.0,1.2
202,0.0,0.317,9.0,0.0
203,0.0,0.219,22.0,0.0
204,0.0,0.424,9.0,2.1
205,1.0,0.734,114.0,2.89
206,0.0,0.226,7.0,1.37
207,1.0,0.734,114.0,2.89
208,2.0,0.379,27.0,4.42
209,1.0,0.734,114.0,2.89
210,0.0,0.139,4.0,1.16
211,1.0,2.01,223.0,10.76
212,0.0,0.476,36.0,2.94
213,4.0,0.21,58.0,0.77
214,4.0,0.21,58.0,0.77
215,4.0,0.21,58.0,0.77
216,1.0,0.781,46.0,4.0
217,0.0,0.671,10.0,4.9
218,0.0,0.671,10.0,4.9
219,1.0,1.274,79.0,6.77
220,0.0,0.141,4.0,0.82
221,1.0,1.057,103.0,7.05
222,1.0,3.599,390.0,7.14
223,1.0,1.567,208.0,3.51
224,1.0,0.589,41.0,4.81
225,1.0,1.778,288.0,12.87
226,0.0,0.125,0.0,0.0
227,0.0,0.281,14.0,2.36
228,0.0,0.276,16.0,0.0
229,0.0,0.277,116.0,1.26
230,0.0,0.447,27.0,9.07
231,0.0,0.512,25.0,0.0
232,0.0,0.124,7.0,0.0
233,0.0,0.261,8.0,0.0
234,0.0,0.124,7.0,0.0
235,1.0,0.666,36.0,3.24
236,1.0,0.713,80.0,5.4
237,1.0,0.945,51.0,5.91
238,1.0,0.76,139.0,4.19
239,0.0,0.275,46.0,1.34
240,0.0,4.392,1.0,0.0
241,1.0,0.587,127.0,4.48
242,1.0,0.587,127.0,4.48
243,0.0,0.22,7.0,1.23
244,1.0,2.986,236.0,13.09
245,1.0,1.614,150.0,4.69
246,1.0,1.82,121.0,4.4
247,0.0,0.248,68.0,1.2
248,0.0,0.311,8.0,2.41
249,1.0,1.567,208.0,3.51
250,1.0,1.614,150.0,4.69
251,1.0,2.628,182.0,4.71
252,0.0,0.11,2.0,0.45
253,2.0,0.379,27.0,4.42
254,0.0,0.3,17.0,0.0
255,0.0,0.11,2.0,0.45
256,0.0,0.276,16.0,0.0
257,1.0,1.207,70.0,4.91
258,1.0,1.567,208.0,3.51
259,1.0,1.057,103.0,7.05
260,1.0,1.614,150.0,4.69
261,1.0,1.614,150.0,4.69
262,1.0,1.057,103.0,7.05
263,1.0,0.666,36.0,3.24
264,1.0,1.124,106.0,4.82
265,4.0,0.21,58.0,0.77
266,4.0,0.1,1.0,1.0
267,4.0,0.1,1.0,1.0
268,1.0,0.718,55.0,3.17
269,1.0,0.718,55.0,3.17
270,1.0,0.666,36.0,3.24
271,1.0,0.862,45.0,4.35
272,1.0,1.406,62.0,3.24
273,0.0,0.107,3.0,0.0
274,1.0,1.218,129.0,8.83
275,0.0,0.317,9.0,0.0
276,2.0,0.379,27.0,4.42
277,0.0,0.196,6.0,0.0
278,1.0,1.319,195.0,6.55
279,1.0,2.001,185.0,6.8
280,1.0,2.001,185.0,6.8
281,1.0,2.001,185.0,6.8
282,0.0,0.266,16.0,0.0
283,0.0,0.326,189.0,4.4
284,1.0,0.94,73.0,2.36
285,1.0,0.94,73.0,2.36
286,1.0,1.057,103.0,7.05
287,1.0,1.055,58.0,4.81
288,1.0,9.008,537.0,16.48
289,1.0,1.009,17.0,3.23
290,0.0,0.317,9.0,0.0
291,0.0,0.386,10.0,2.34
292,3.0,0.323,38.0,2.34
293,1.0,0.598,51.0,4.97
294,0.0,0.215,18.0,0.0
295,1.0,2.153,218.0,12.03
296,1.0,2.153,218.0,12.03
297,3.0,0.304,58.0,0.68
298,2.0,0.777,73.0,3.18
299,1.0,1.567,208.0,3.51
300,0.0,0.11,2.0,0.45
301,2.0,0.379,27.0,4.42
302,0.0,0.153,10.0,0.0
303,1.0,1.086,66.0,6.18
304,0.0,0.314,86.0,3.4
305,1.0,1.314,87.0,5.9
306,1.0,0.976,84.0,2.77
307,1.0,2.628,182.0,4.71
308,1.0,9.008,537.0,16.48
309,2.0,0.373,48.0,2.58
310,1.0,0.534,68.0,4.35
311,1.0,1.124,106.0,4.82
312,1.0,1.124,106.0,4.82
313,2.0,0.461,64.0,3.52
314,1.0,0.734,114.0,2.89
315,1.0,0.679,101.0,3.47
316,1.0,0.98,87.0,6.69
317,0.0,0.105,9.0,0.14
318,1.0,0.443,70.0,2.97
319,0.0,0.387,31.0,0.0
320,1.0,2.823,252.0,11.83
321,1.0,1.567,208.0,3.51
322,1.0,0.734,114.0,2.89
323,1.0,9.008,537.0,16.48
324,0.0,0.186,1.0,3.0
325,0.0,0.161,19.0,0.0
326,0.0,0.546,163.0,4.65
327,1.0,1.614,150.0,4.69
328,1.0,1.314,87.0,5.9
329,1.0,0.634,76.0,3.75
330,0.0,0.286,15.0,0.0
331,0.0,0.126,6.0,0.24
332,1.0,1.057,103.0,7.05
333,0.0,0.134,6.0,0.66
334,0.0,0.512,25.0,0.0
335,2.0,0.358,21.0,1.18
336,1.0,1.406,62.0,3.24
337,1.0,3.367,197.0,6.38
338,0.0,0.185,7.0,0.0
339,2.0,0.576,48.0,1.79
340,2.0,0.564,39.0,3.01
341,1.0,1.614,150.0,4.69
342,1.0,0.84,27.0,2.29
343,1.0,1.614,150.0,4.69
344,0.0,0.178,6.0,2.0
345,0.0,0.1,3.0,0.0
346,0.0,0.188,11.0,1.89
347,0.0,0.264,39.0,1.23
348,1.0,2.01,223.0,10.76
349,0.0,0.361,90.0,1.74
350,0.0,0.361,90.0,1.74
351,0.0,0.277,116.0,1.26
352,0.0,0.476,36.0,2.94
353,0.0,0.546,163.0,4.65
354,2.0,0.293,18.0,0.77
355,1.0,0.793,28.0,1.67
356,4.0,0.106,9.0,0.02
357,1.0,9.027,248.0,11.71
358,0.0,0.317,9.0,0.0
359,1.0,3.599,390.0,7.14
360,1.0,1.567,208.0,3.51
361,1.0,0.798,135.0,5.93
362,3.0,0.727,0.0,0.0
363,0.0,0.118,3.0,0.6
364,1.0,1.005,144.0,8.0
365,1.0,1.005,144.0,8.0
366,1.0,1.005,144.0,8.0
367,1.0,0.975,104.0,6.33
368,1.0,1.005,144.0,8.0
369,4.0,0.179,48.0,1.65
370,3.0,0.316,67.0,2.52
371,3.0,0.238,66.0,1.19
372,0.0,0.176,10.0,0.0
373,1.0,1.614,150.0,4.69
374,1.0,1.614,150.0,4.69
375,1.0,1.614,150.0,4.69
376,0.0,0.132,3.0,0.56
377,0.0,0.125,0.0,0.0
378,1.0,1.365,178.0,7.8
379,1.0,0.587,127.0,4.48
380,3.0,0.416,60.0,2.77
381,1.0,3.204,113.0,9.48
382,1.0,3.204,113.0,9.48
383,2.0,0.502,83.0,3.87
384,1.0,0.806,24.0,2.01
385,1.0,0.734,114.0,2.89
386,1.0,0.806,124.0,4.41
387,0.0,0.27,8.0,1.79
388,1.0,1.276,140.0,6.79
389,1.0,1.207,70.0,4.91
390,3.0,0.304,58.0,0.68
391,1.0,1.057,103.0,7.05
392,3.0,0.304,58.0,0.68
393,0.0,0.392,6.0,2.31
394,2.0,0.365,38.0,2.64
395,2.0,1.413,81.0,4.27
396,2.0,1.301,98.0,2.1
397,2.0,1.413,81.0,4.27
398,1.0,1.124,106.0,4.82
399,0.0,0.157,5.0,1.19
400,0.0,0.157,5.0,1.19
401,0.0,0.326,29.0,1.76
402,1.0,0.903,145.0,3.11
403,2.0,0.495,11.0,3.64
404,2.0,0.578,120.0,3.71
405,2.0,0.578,120.0,3.71
406,1.0,1.614,150.0,4.69
407,3.0,0.45,19.0,2.58
408,1.0,0.815,138.0,4.68
409,0.0,0.368,13.0,2.2
410,2.0,0.394,46.0,2.04
411,0.0,0.249,7.0,1.12
412,0.0,0.277,116.0,1.26
413,3.0,0.336,33.0,1.5
414,1.0,2.565,64.0,6.1
415,1.0,1.614,150.0,4.69
416,1.0,1.057,103.0,7.05
417,1.0,1.614,150.0,4.69
418,1.0,1.614,150.0,4.69
419,3.0,0.304,58.0,0.68
420,4.0,0.21,58.0,0.77
421,2.0,0.522,25.0,3.71
422,2.0,0.329,12.0,1.09
423,2.0,0.777,73.0,3.18
424,2.0,0.365,38.0,2.64
425,1.0,0.999,116.0,3.3
426,0.0,0.339,11.0,2.99
427,1.0,2.565,64.0,6.1
428,4.0,0.1,1.0,1.0
429,0.0,0.178,6.0,2.0
430,0.0,0.264,39.0,1.23
431,2.0,0.49,50.0,2.58
432,1.0,1.057,38.0,5.59
433,2.0,0.578,120.0,3.71
434,0.0,0.124,1.0,1.0
435,1.0,2.153,218.0,12.03
436,0.0,0.141,4.0,0.82
437,1.0,1.293,125.0,6.98
438,4.0,0.21,58.0,0.77
439,2.0,0.379,27.0,4.42
440,0.0,4.392,1.0,0.0
441,0.0,0.11,2.0,0.45
442,0.0,0.11,2.0,0.45
443,1.0,2.565,64.0,6.1
444,2.0,0.626,81.0,3.86
445,2.0,0.502,32.0,1.52
446,2.0,0.608,74.0,1.66
447,1.0,1.567,208.0,3.51
448,2.0,0.777,73.0,3.18
449,1.0,1.293,125.0,6.98
450,1.0,1.365,178.0,7.8
451,0.0,0.213,8.0,0.0
452,0.0,0.352,29.0,2.53
453,1.0,0.84,27.0,2.29
454,1.0,1.614,150.0,4.69
455,1.0,1.057,103.0,7.05
456,1.0,5.559,365.0,13.78
457,4.0,0.21,58.0,0.77
458,1.0,1.407,21.0,2.26
459,2.0,0.777,73.0,3.18
460,0.0,0.867,10.0,0.0
461,1.0,0.666,36.0,3.24
462,1.0,9.008,537.0,16.48
463,1.0,9.008,537.0,16.48
464,1.0,1.614,150.0,4.69
465,1.0,1.614,150.0,4.69
466,1.0,1.057,103.0,7.05
467,1.0,0.638,87.0,4.72
468,1.0,0.63,64.0,4.79
469,0.0,0.225,8.0,0.0
470,3.0,0.336,33.0,1.5
471,0.0,0.15,14.0,0.0
472,0.0,0.153,7.0,0.0
473,2.0,0.373,48.0,2.58
474,1.0,1.085,143.0,7.08
475,1.0,1.36,174.0,8.78
476,4.0,0.151,12.0,0.86
477,2.0,0.446,43.0,3.07
478,1.0,1.547,167.0,3.82
479,3.0,0.378,9.0,1.25
480,3.0,0.193,14.0,0.43
481,3.0,0.328,82.0,2.12
482,0.0,0.178,6.0,2.0
483,0.0,0.178,6.0,2.0
484,1.0,0.589,41.0,4.81
485,2.0,0.626,81.0,3.86
486,1.0,1.262,119.0,9.11
487,1.0,1.372,114.0,4.89
488,1.0,0.598,51.0,4.97
489,1.0,0.666,36.0,3.24
490,1.0,0.666,36.0,3.24
491,0.0,0.276,16.0,0.0
492,0.0,0.511,26.0,3.1
493,1.0,1.407,21.0,2.26
494,2.0,0.349,92.0,2.85
495,2.0,0.365,24.0,3.87
496,1.0,0.99,332.0,3.04
497,3.0,0.304,58.0,0.68
498,3.0,0.226,6.0,1.27
499,0.0,0.342,12.0,0.0
500,1.0,1.057,103.0,7.05
501,1.0,1.614,150.0,4.69
502,1.0,1.614,150.0,4.69
503,1.0,1.274,79.0,6.77
504,1.0,0.734,114.0,2.89
505,1.0,1.613,133.0,10.45
506,1.0,0.734,114.0,2.89
507,4.0,0.1,1.0,1.0
508,1.0,1.009,30.0,2.4
509,1.0,1.406,62.0,3.24
510,1.0,1.406,62.0,3.24
511,1.0,0.685,79.0,5.23
512,1.0,1.057,103.0,7.05
513,0.0,0.358,12.0,5.62
514,0.0,0.169,10.0,0.97
515,1.0,3.599,390.0,7.14
516,1.0,1.057,103.0,7.05
517,2.0,0.414,28.0,3.04
518,1.0,0.781,94.0,5.42
519,3.0,0.292,50.0,1.59
520,2.0,0.745,71.0,3.03
521,1.0,1.776,129.0,9.26
522,1.0,2.087,51.0,5.11
523,0.0,0.545,124.0,3.52
524,4.0,0.179,48.0,1.65
525,3.0,0.316,67.0,2.52
526,0.0,0.374,7.0,1.83
527,1.0,0.806,124.0,4.41
528,1.0,2.153,218.0,12.03
529,2.0,0.578,120.0,3.71
530,1.0,0.99,332.0,3.04
531,1.0,1.614,150.0,4.69
532,1.0,1.057,103.0,7.05
533,1.0,1.057,103.0,7.05
534,1.0,0.622,62.0,2.34
535,1.0,3.599,390.0,7.14
536,1.0,1.057,103.0,7.05
537,1.0,1.614,150.0,4.69
538,0.0,0.124,7.0,0.0
539,1.0,1.567,208.0,3.51
540,1.0,0.666,36.0,3.24
541,1.0,0.666,36.0,3.24
542,1.0,0.666,36.0,3.24
543,1.0,0.666,36.0,3.24
544,1.0,0.666,36.0,3.24
545,1.0,1.567,208.0,3.51
546,1.0,0.666,36.0,3.24
547,1.0,0.666,36.0,3.24
548,1.0,1.567,208.0,3.51
549,1.0,0.666,36.0,3.24
550,1.0,0.666,36.0,3.24
551,1.0,0.666,36.0,3.24
552,1.0,0.666,36.0,3.24
553,1.0,0.666,36.0,3.24
554,1.0,0.666,36.0,3.24
555,1.0,0.666,36.0,3.24
556,1.0,0.666,36.0,3.24
557,1.0,1.057,103.0,7.05
558,1.0,6.476,342.0,10.03
559,1.0,1.591,153.0,8.41
560,3.0,0.292,50.0,1.59
561,3.0,0.282,80.0,1.04
562,0.0,1.033,39.0,0.0
563,2.0,0.777,73.0,3.18
564,1.0,1.057,103.0,7.05
565,1.0,9.008,537.0,16.48
566,1.0,1.567,208.0,3.51
567,1.0,1.406,62.0,3.24
568,1.0,1.614,150.0,4.69
569,1.0,1.614,150.0,4.69
570,0.0,0.356,38.0,1.45
571,4.0,0.179,48.0,1.65
572,0.0,0.194,15.0,0.0
573,0.0,0.286,15.0,0.0
574,0.0,0.185,7.0,0.0
575,1.0,1.009,30.0,2.4
576,1.0,1.057,103.0,7.05
577,1.0,0.666,36.0,3.24
578,3.0,0.238,66.0,1.19
579,1.0,0.806,39.0,3.85
580,0.0,0.217,10.0,3.69
581,4.0,0.21,58.0,0.77
582,2.0,0.344,70.0,2.34
583,1.0,1.421,25.0,6.85
584,1.0,9.008,537.0,16.48
585,1.0,1.614,150.0,4.69
586,4.0,0.1,1.0,1.0
587,1.0,0.666,36.0,3.24
588,1.0,6.661,302.0,9.0
589,2.0,0.693,34.0,2.96
590,1.0,1.406,62.0,3.24
591,1.0,9.008,537.0,16.48
592,1.0,0.4,15.0,1.15
593,0.0,0.153,8.0,0.0
594,2.0,0.344,43.0,2.42
595,1.0,3.599,390.0,7.14
596,0.0,0.207,12.0,0.0
597,3.0,0.309,67.0,1.55
598,1.0,9.027,248.0,11.71
599,0.0,0.21,7.0,1.46
600,0.0,0.337,6.0,1.02
601,2.0,0.396,55.0,2.6
602,2.0,0.373,48.0,2.58
603,2.0,0.464,42.0,3.2
604,2.0,0.464,42.0,3.2
605,0.0,0.217,14.0,0.0
606,1.0,0.443,70.0,2.97
607,2.0,0.544,83.0,4.17
608,1.0,0.443,70.0,2.97
609,1.0,2.153,218.0,12.03
610,1.0,2.153,218.0,12.03
611,0.0,4.133,279.0,20.97
612,0.0,0.476,36.0,2.94
613,1.0,1.46,93.0,2.49
614,4.0,0.1,1.0,1.0
615,4.0,0.1,3.0,0.0
616,4.0,0.1,3.0,0.0
617,0.0,0.252,12.0,1.36
618,1.0,1.057,103.0,7.05
619,1.0,1.614,150.0,4.69
620,1.0,1.614,150.0,4.69
621,1.0,1.778,288.0,12.87
622,1.0,1.614,150.0,4.69
623,1.0,1.614,150.0,4.69
624,3.0,0.304,58.0,0.68
625,1.0,1.085,143.0,7.08
626,1.0,0.667,56.0,4.14
627,1.0,1.055,58.0,4.81
628,1.0,1.614,150.0,4.69
629,0.0,0.345,55.0,0.94
630,0.0,0.254,83.0,1.31
631,1.0,1.567,208.0,3.51
632,0.0,4.392,1.0,0.0
633,1.0,0.98,87.0,6.69
634,2.0,0.547,85.0,3.39
635,1.0,0.684,43.0,3.39
636,3.0,0.336,58.0,2.0
637,2.0,0.365,38.0,2.64
638,1.0,2.947,54.0,6.52
639,1.0,1.614,150.0,4.69
640,0.0,0.326,189.0,4.4
641,1.0,1.372,114.0,4.89
642,1.0,0.976,84.0,2.77
643,2.0,0.693,34.0,2.96
644,1.0,0.622,62.0,2.34
645,1.0,0.806,124.0,4.41
646,1.0,0.734,114.0,2.89
647,0.0,0.139,10.0,0.0
648,2.0,0.314,98.0,4.12
649,1.0,0.547,67.0,1.71
650,2.0,0.495,11.0,3.64
651,1.0,3.204,113.0,9.48
652,1.0,0.734,114.0,2.89
653,0.0,0.331,32.0,0.0
654,1.0,2.565,64.0,6.1
655,4.0,0.1,1.0,1.0
656,1.0,0.976,84.0,2.77
657,1.0,0.99,332.0,3.04
658,1.0,3.599,390.0,7.14
659,1.0,2.153,218.0,12.03
660,0.0,0.137,10.0,0.54
661,0.0,0.239,49.0,1.35
662,0.0,0.314,86.0,3.4
663,4.0,0.167,13.0,0.63
664,0.0,0.25,15.0,1.69
665,0.0,0.286,15.0,0.0
666,1.0,2.089,56.0,2.59
667,1.0,2.546,129.0,13.58
668,1.0,0.666,36.0,3.24
669,1.0,1.057,103.0,7.05
670,3.0,0.268,11.0,0.67
671,1.0,1.124,106.0,4.82
672,2.0,1.337,51.0,3.89
673,0.0,0.251,14.0,0.0
674,1.0,1.816,152.0,5.55
675,2.0,0.344,70.0,2.34
676,1.0,1.005,144.0,8.0
677,4.0,0.1,1.0,1.0
678,4.0,0.179,10.0,0.76
679,1.0,2.628,182.0,4.71
680,1.0,1.614,150.0,4.69
681,3.0,0.304,58.0,0.68
682,0.0,0.949,164.0,5.61
683,1.0,1.085,143.0,7.08
684,1.0,0.718,55.0,3.17
685,1.0,1.068,105.0,3.91
686,4.0,0.1,1.0,1.0
687,1.0,1.567,208.0,3.51
688,0.0,0.136,4.0,0.0
689,0.0,0.136,4.0,0.0
690,1.0,1.591,153.0,8.41
691,1.0,2.153,218.0,12.03
692,0.0,0.123,4.0,0.58
693,0.0,0.261,8.0,0.0
694,3.0,0.304,58.0,0.68
695,3.0,0.3,34.0,2.3
696,1.0,2.153,218.0,12.03
697,4.0,0.1,1.0,1.0
698,1.0,1.587,125.0,3.26
699,0.0,0.187,9.0,0.0
700,0.0,0.511,26.0,3.1
701,0.0,0.123,11.0,1.02
702,4.0,0.158,4.0,0.84
703,4.0,0.158,4.0,0.84
704,1.0,1.533,122.0,4.81
705,4.0,0.158,4.0,0.84
706,2.0,0.542,65.0,2.92
707,1.0,1.218,129.0,8.83
708,4.0,0.21,58.0,0.77
709,0.0,0.124,1.0,1.0
710,2.0,0.578,120.0,3.71
711,1.0,1.057,103.0,7.05
712,0.0,0.212,21.0,0.93
713,4.0,0.1,1.0,1.0
714,0.0,0.361,90.0,1.74
715,2.0,0.464,42.0,3.2
716,0.0,0.363,56.0,4.33
717,1.0,1.365,178.0,7.8
718,1.0,2.01,223.0,10.76
719,1.0,1.365,178.0,7.8
720,2.0,0.429,119.0,1.42
721,2.0,0.78,108.0,1.96
722,1.0,0.84,27.0,2.29
723,1.0,1.614,150.0,4.69
724,1.0,1.124,106.0,4.82
725,0.0,0.11,2.0,0.45
726,0.0,0.251,14.0,0.0
727,0.0,0.512,25.0,0.0
728,0.0,0.142,4.0,0.68
729,0.0,0.148,3.0,0.73
730,0.0,0.106,5.0,0.0
731,1.0,0.558,49.0,3.98
732,1.0,1.057,103.0,7.05
733,2.0,0.502,83.0,3.87
734,2.0,0.502,83.0,3.87
735,2.0,0.578,120.0,3.71
736,1.0,1.005,144.0,8.0
737,1.0,1.005,144.0,8.0
738,1.0,1.549,92.0,6.11
739,1.0,0.622,62.0,2.34
740,1.0,2.01,223.0,10.76
741,1.0,0.587,127.0,4.48
742,1.0,0.914,63.0,9.8
743,1.0,1.262,119.0,9.11
744,3.0,0.304,58.0,0.68
745,4.0,0.1,1.0,1.0
746,0.0,0.319,77.0,1.88
747,1.0,1.093,115.0,2.14
748,1.0,1.093,115.0,2.14
749,1.0,0.685,79.0,5.23
750,1.0,2.393,287.0,9.59
751,1.0,1.207,70.0,4.91
752,0.0,0.175,10.0,0.0
753,0.0,0.363,56.0,4.33
754,1.0,1.099,60.0,2.3
755,0.0,0.11,2.0,0.45
756,0.0,0.3,17.0,0.0
757,0.0,0.602,88.0,3.13
758,0.0,0.133,4.0,0.41
759,0.0,0.249,7.0,1.12
760,0.0,0.374,7.0,1.83
761,1.0,3.204,113.0,9.48
762,1.0,9.008,537.0,16.48
763,1.0,1.406,62.0,3.24
764,1.0,0.666,36.0,3.24
765,1.0,1.406,62.0,3.24
766,1.0,0.666,36.0,3.24
767,1.0,0.666,36.0,3.24
768,1.0,1.406,62.0,3.24
769,4.0,0.21,58.0,0.77
770,2.0,0.29,54.0,1.79
771,1.0,1.085,143.0,7.08
772,1.0,2.322,224.0,13.94
773,3.0,0.304,58.0,0.68
774,3.0,0.304,58.0,0.68
775,0.0,0.949,164.0,5.61
776,0.0,0.511,26.0,3.1
777,0.0,0.132,7.0,0.74
778,0.0,0.226,7.0,1.37
779,4.0,0.21,58.0,0.77
780,1.0,1.274,79.0,6.77
781,1.0,0.589,41.0,4.81
782,0.0,0.511,26.0,3.1
783,0.0,0.782,27.0,5.79
784,3.0,0.309,67.0,1.55
785,1.0,1.057,103.0,7.05
786,0.0,0.177,7.0,0.0
787,1.0,0.972,145.0,4.31
788,0.0,0.141,4.0,0.49
789,2.0,0.461,64.0,3.52
790,0.0,0.238,78.0,1.04
791,0.0,0.265,9.0,2.4
792,0.0,0.276,18.0,1.26
793,1.0,0.806,24.0,2.01
794,0.0,0.124,7.0,0.0
795,1.0,3.599,390.0,7.14
796,2.0,0.57,132.0,4.48
797,0.0,1.122,96.0,7.95
798,1.0,1.126,113.0,1.9
799,2.0,0.777,73.0,3.18
800,1.0,3.204,113.0,9.48
801,1.0,1.614,150.0,4.69
802,1.0,0.666,36.0,3.24
803,1.0,1.614,150.0,4.69
804,4.0,0.1,1.0,1.0
805,1.0,1.075,49.0,4.85
806,1.0,1.057,38.0,5.59
807,1.0,1.365,178.0,7.8
808,1.0,1.365,178.0,7.8
809,1.0,2.075,97.0,12.37
810,1.0,1.365,178.0,7.8
811,0.0,0.257,16.0,0.0
812,1.0,2.993,212.0,4.25
813,2.0,0.344,70.0,2.34
814,1.0,1.005,144.0,8.0
815,3.0,0.316,67.0,2.52
816,0.0,0.399,49.0,1.84
817,0.0,0.25,15.0,1.69
818,4.0,0.124,1.0,0.0
819,0.0,0.317,9.0,0.0
820,0.0,0.509,10.0,4.91
821,0.0,0.619,12.0,0.0
822,0.0,0.319,77.0,1.88
823,0.0,0.106,0.0,0.0
824,1.0,1.086,66.0,6.18
825,1.0,2.565,64.0,6.1
826,1.0,1.227,62.0,5.49
827,1.0,0.63,64.0,4.79
828,1.0,1.567,208.0,3.51
829,3.0,0.304,58.0,0.68
830,1.0,1.614,150.0,4.69
831,3.0,0.304,58.0,0.68
832,1.0,3.073,144.0,8.32
833,4.0,0.1,1.0,1.0
834,0.0,0.184,12.0,0.0
835,4.0,0.1,1.0,1.0
836,1.0,1.057,103.0,7.05
837,1.0,1.446,142.0,4.84
838,1.0,0.86,52.0,5.63
839,1.0,0.86,52.0,5.63
840,1.0,0.99,332.0,3.04
841,1.0,3.509,128.0,5.37
842,1.0,1.614,150.0,4.69
843,1.0,1.406,62.0,3.24
844,0.0,0.319,77.0,1.88
845,0.0,0.512,37.0,0.0
846,0.0,0.512,25.0,0.0
847,0.0,4.392,1.0,0.0
848,0.0,4.392,1.0,0.0
849,4.0,0.21,58.0,0.77
850,1.0,0.972,145.0,4.31
851,1.0,1.365,178.0,7.8
852,1.0,0.666,36.0,3.24
853,1.0,0.666,36.0,3.24
854,1.0,0.666,36.0,3.24
855,1.0,3.204,113.0,9.48
856,1.0,3.599,390.0,7.14
857,1.0,2.628,182.0,4.71
858,1.0,9.008,537.0,16.48
859,1.0,1.406,62.0,3.24
860,2.0,0.684,29.0,2.88
861,1.0,0.781,46.0,4.0
862,0.0,0.124,7.0,0.0
863,1.0,1.614,150.0,4.69
864,1.0,1.614,150.0,4.69
865,1.0,1.614,150.0,4.69
866,1.0,1.614,150.0,4.69
867,1.0,1.614,150.0,4.69
868,1.0,1.057,103.0,7.05
869,1.0,1.614,150.0,4.69
870,0.0,0.1,3.0,0.0
871,1.0,1.591,153.0,8.41
872,1.0,1.591,153.0,8.41
873,2.0,0.424,55.0,2.56
874,0.0,0.316,4.0,1.36
875,3.0,0.238,66.0,1.19
876,0.0,0.24,14.0,0.0
877,1.0,0.365,29.0,2.31
878,0.0,0.264,4.0,1.93
879,1.0,0.547,67.0,1.71
880,0.0,0.511,26.0,3.1
881,0.0,0.156,11.0,0.93
882,1.0,0.734,114.0,2.89
883,4.0,0.145,6.0,0.71
884,1.0,1.567,208.0,3.51
885,1.0,9.008,537.0,16.48
886,1.0,1.492,210.0,10.35
887,1.0,0.666,36.0,3.24
888,1.0,0.84,27.0,2.29
889,3.0,0.282,80.0,1.04
890,1.0,0.903,145.0,3.11
891,0.0,0.459,19.0,0.0
892,0.0,0.264,39.0,1.23
893,1.0,1.614,150.0,4.69
894,1.0,1.614,150.0,4.69
895,2.0,0.777,73.0,3.18
896,4.0,0.172,34.0,0.76
897,3.0,0.271,27.0,1.6
898,1.0,0.598,51.0,4.97
899,2.0,0.401,38.0,2.1
900,2.0,0.556,119.0,3.87
901,1.0,0.598,51.0,4.97
902,2.0,0.564,39.0,3.01
903,4.0,0.1,1.0,1.0
904,4.0,0.1,1.0,1.0
905,1.0,1.614,150.0,4.69
906,0.0,0.326,189.0,4.4
907,3.0,0.192,18.0,1.46
908,2.0,0.745,71.0,3.03
909,0.0,0.476,36.0,2.94
910,2.0,0.445,85.0,3.25
911,1.0,0.857,169.0,7.77
912,1.0,1.005,144.0,8.0
913,1.0,0.641,78.0,3.29
914,0.0,0.161,19.0,0.0
915,0.0,0.11,2.0,0.45
916,0.0,0.352,29.0,2.53
917,0.0,0.149,2.0,0.0
918,1.0,0.681,121.0,3.98
919,0.0,0.198,11.0,0.0
920,4.0,0.179,48.0,1.65
921,2.0,0.29,54.0,1.79
922,1.0,1.614,150.0,4.69
923,1.0,1.262,119.0,9.11
924,2.0,0.344,43.0,2.42
925,2.0,0.573,99.0,1.87
926,1.0,0.862,45.0,4.35
927,1.0,1.057,103.0,7.05
928,3.0,0.238,66.0,1.19
929,0.0,0.151,6.0,1.15
930,0.0,0.261,8.0,0.0
931,0.0,0.124,7.0,0.0
932,2.0,0.464,42.0,3.2
933,0.0,0.369,16.0,0.0
934,0.0,0.145,5.0,0.65
935,4.0,0.21,58.0,0.77
936,1.0,1.909,142.0,8.43
937,1.0,1.276,140.0,6.79
938,0.0,0.476,36.0,2.94
939,1.0,1.124,106.0,4.82
940,2.0,0.777,73.0,3.18
941,1.0,0.927,70.0,2.86
942,1.0,0.927,70.0,2.86
943,1.0,0.666,36.0,3.24
944,1.0,3.204,113.0,9.48
945,1.0,3.599,390.0,7.14
946,4.0,0.21,58.0,0.77
947,0.0,0.125,0.0,0.0
948,1.0,0.806,124.0,4.41
949,1.0,0.806,124.0,4.41
950,0.0,4.392,1.0,0.0
951,0.0,0.248,68.0,1.2
952,2.0,0.502,83.0,3.87
953,1.0,1.36,174.0,8.78
954,0.0,0.386,16.0,1.93
955,1.0,0.581,64.0,2.9
956,1.0,2.108,178.0,7.83
957,1.0,9.008,537.0,16.48
958,3.0,0.316,67.0,2.52
959,0.0,0.22,7.0,1.16
960,0.0,0.463,15.0,0.0
961,0.0,0.272,60.0,2.26
962,1.0,1.262,119.0,9.11
963,1.0,0.365,29.0,2.31
964,0.0,0.153,8.0,0.0
965,0.0,0.101,1.0,0.0
966,0.0,0.225,7.0,1.4
967,1.0,0.901,52.0,4.58
968,0.0,0.189,4.0,1.06
969,0.0,0.174,9.0,0.0
970,1.0,0.862,45.0,4.35
971,0.0,0.174,9.0,0.0
972,3.0,0.304,58.0,0.68
973,2.0,0.437,70.0,2.68
974,1.0,0.598,51.0,4.97
975,1.0,0.846,169.0,3.56
976,2.0,0.502,83.0,3.87
977,0.0,4.392,1.0,0.0
978,3.0,0.21,13.0,0.92
979,0.0,0.1,1.0,0.01
980,0.0,0.311,8.0,2.41
981,2.0,0.436,41.0,2.47
982,0.0,0.125,0.0,0.0
983,1.0,9.008,537.0,16.48
984,1.0,1.262,119.0,9.11
985,1.0,0.718,55.0,3.17
986,1.0,0.718,55.0,3.17
987,1.0,1.614,150.0,4.69
988,1.0,1.614,150.0,4.69
989,2.0,0.464,42.0,3.2
990,1.0,2.628,182.0,4.71
991,1.0,0.927,70.0,2.86
992,1.0,1.057,103.0,7.05
993,2.0,0.637,77.0,3.33
994,0.0,0.358,12.0,5.62
995,3.0,0.272,36.0,2.62
996,2.0,0.304,19.0,0.42
997,0.0,0.314,86.0,3.4
998,1.0,1.567,208.0,3.51
999,1.0,9.008,537.0,16.48
1000,2.0,0.693,34.0,2.96
1001,1.0,1.614,150.0,4.69
1002,2.0,0.693,34.0,2.96
1003,1.0,1.36,174.0,8.78
1004,1.0,0.687,64.0,4.67
1005,1.0,1.06,50.0,2.38
1006,1.0,1.407,21.0,2.26
1007,2.0,0.25,5.0,2.56
1008,1.0,0.734,114.0,2.89
1009,1.0,0.99,332.0,3.04
1010,0.0,0.252,12.0,1.36
1011,0.0,0.266,16.0,0.0
1012,1.0,1.057,103.0,7.05
1013,1.0,1.614,150.0,4.69
1014,1.0,2.565,64.0,6.1
1015,1.0,0.972,145.0,4.31
1016,1.0,0.666,36.0,3.24
1017,1.0,1.567,208.0,3.51
1018,0.0,0.259,42.0,1.31
1019,4.0,0.1,1.0,1.0
1020,4.0,0.1,1.0,1.0
1021,1.0,2.565,64.0,6.1
1022,1.0,9.008,537.0,16.48
1023,3.0,0.282,80.0,1.04
1024,0.0,0.337,5.0,0.0
1025,1.0,1.086,66.0,6.18
1026,1.0,1.086,66.0,6.18
1027,1.0,0.63,64.0,4.79
1028,3.0,0.304,58.0,0.68
1029,4.0,0.1,1.0,1.0
1030,1.0,1.941,188.0,4.03
1031,1.0,1.614,150.0,4.69
1032,1.0,1.009,17.0,3.23
1033,1.0,1.009,17.0,3.23
1034,3.0,0.292,50.0,1.59
1035,0.0,0.326,29.0,1.76
1036,1.0,9.008,537.0,16.48
1037,1.0,1.057,103.0,7.05
1038,1.0,1.057,103.0,7.05
1039,1.0,1.057,103.0,7.05
1040,2.0,1.064,112.0,2.09
1041,1.0,1.614,150.0,4.69
1042,0.0,0.257,16.0,0.0
1043,2.0,0.379,27.0,4.42
1044,0.0,0.11,2.0,0.45
1045,2.0,0.536,90.0,5.82
1046,0.0,0.314,86.0,3.4
1047,0.0,0.11,2.0,0.45
1048,0.0,0.11,2.0,0.45
1049,1.0,1.262,119.0,9.11
1050,0.0,0.34,22.0,0.0
1051,1.0,1.285,124.0,5.33
1052,0.0,0.261,8.0,0.0
1053,1.0,0.443,70.0,2.97
1054,1.0,0.587,127.0,4.48
1055,1.0,1.614,150.0,4.69
1056,1.0,0.98,87.0,6.69
1057,1.0,1.057,103.0,7.05
1058,1.0,1.614,150.0,4.69
1059,1.0,2.496,135.0,12.22
1060,0.0,0.189,53.0,0.75
1061,0.0,1.0,3.0,0.0
1062,1.0,0.903,145.0,3.11
1063,1.0,1.057,103.0,7.05
1064,1.0,2.565,64.0,6.1
1065,1.0,1.614,150.0,4.69
1066,1.0,1.614,150.0,4.69
1067,1.0,1.941,188.0,4.03
1068,4.0,0.1,3.0,0.0
1069,0.0,0.119,3.0,0.19
1070,0.0,0.256,27.0,1.07
1071,1.0,2.153,218.0,12.03
1072,0.0,0.171,5.0,0.0
1073,1.0,2.823,252.0,11.83
1074,4.0,0.1,1.0,1.0
1075,1.0,0.734,114.0,2.89
1076,0.0,0.218,14.0,0.0
1077,2.0,0.578,120.0,3.71
1078,2.0,0.578,120.0,3.71
1079,1.0,0.63,64.0,4.79
1080,0.0,0.264,67.0,0.7
1081,2.0,0.777,73.0,3.18
1082,2.0,0.578,120.0,3.71
1083,3.0,0.185,35.0,0.88
1084,4.0,0.145,26.0,1.4
1085,2.0,0.772,126.0,3.05
1086,1.0,3.599,390.0,7.14
1087,3.0,0.248,22.0,2.23
1088,0.0,0.326,189.0,4.4
1089,1.0,1.145,105.0,8.17
1090,0.0,0.225,8.0,0.0
1091,2.0,0.304,19.0,0.42
1092,1.0,0.927,70.0,2.86
1093,1.0,1.406,62.0,3.24
1094,1.0,1.446,142.0,4.84
1095,1.0,0.907,136.0,5.3
1096,1.0,4.138,22.0,9.06
1097,1.0,0.569,47.0,1.57
1098,1.0,1.057,103.0,7.05
1099,3.0,0.304,58.0,0.68
1100,3.0,0.304,58.0,0.68
1101,3.0,0.304,58.0,0.68
1102,1.0,2.947,54.0,6.52
1103,4.0,0.1,1.0,1.0
1104,4.0,0.1,1.0,1.0
1105,0.0,0.138,3.0,0.48
1106,1.0,1.614,150.0,4.69
1107,1.0,0.666,36.0,3.24
1108,0.0,0.185,20.0,0.56
1109,3.0,0.193,14.0,0.43
1110,1.0,0.846,169.0,3.56
1111,1.0,0.4,15.0,1.15
1112,0.0,0.218,14.0,0.0
1113,1.0,0.666,36.0,3.24
1114,1.0,1.24,213.0,4.13
1115,1.0,0.946,134.0,5.5
1116,1.0,1.587,125.0,3.26
1117,3.0,0.292,29.0,2.17
1118,0.0,0.331,32.0,0.0
1119,0.0,0.147,4.0,0.94
1120,3.0,0.304,58.0,0.68
1121,1.0,1.614,150.0,4.69
1122,1.0,1.567,208.0,3.51
1123,3.0,0.255,34.0,1.73
1124,3.0,0.255,34.0,1.73
1125,1.0,1.124,106.0,4.82
1126,1.0,1.406,62.0,3.24
1127,1.0,0.672,43.0,1.37
1128,1.0,1.057,38.0,5.59
1129,1.0,1.547,167.0,3.82
1130,1.0,2.496,135.0,12.22
1131,2.0,0.468,74.0,3.01
1132,4.0,0.21,58.0,0.77
1133,2.0,0.745,71.0,3.03
1134,0.0,0.116,5.0,0.52
1135,1.0,1.614,150.0,4.69
1136,2.0,0.429,119.0,1.42
1137,2.0,0.461,64.0,3.52
1138,1.0,1.057,103.0,7.05
1139,1.0,1.567,208.0,3.51
1140,2.0,0.777,73.0,3.18
1141,2.0,0.416,88.0,2.87
1142,2.0,0.365,38.0,2.64
1143,0.0,0.227,63.0,0.84
1144,0.0,0.546,163.0,4.65
1145,1.0,0.718,55.0,3.17
1146,0.0,0.129,4.0,0.0
1147,4.0,0.1,1.0,1.0
1148,3.0,0.304,58.0,0.68
1149,1.0,1.057,103.0,7.05
1150,0.0,0.297,7.0,2.57
1151,1.0,1.057,103.0,7.05
1152,0.0,0.286,15.0,0.0
1153,1.0,0.929,148.0,5.02
1154,2.0,0.358,21.0,1.18
1155,2.0,0.502,83.0,3.87
1156,1.0,1.032,102.0,5.11
1157,0.0,0.319,77.0,1.88
1158,0.0,0.319,77.0,1.88
1159,4.0,0.1,1.0,1.0
1160,1.0,0.732,65.0,3.23
1161,1.0,1.614,150.0,4.69
1162,3.0,0.214,21.0,0.77
1163,1.0,0.666,36.0,3.24
1164,0.0,0.24,14.0,0.0
1165,1.0,0.862,45.0,4.35
1166,1.0,1.262,119.0,9.11
1167,0.0,0.386,16.0,1.93
1168,1.0,1.614,150.0,4.69
1169,3.0,0.304,58.0,0.68
1170,0.0,0.165,13.0,0.69
1171,1.0,1.24,213.0,4.13
1172,1.0,2.565,64.0,6.1
1173,0.0,0.441,34.0,0.0
1174,0.0,0.352,29.0,2.53
1175,0.0,0.319,77.0,1.88
1176,0.0,0.602,88.0,3.13
1177,0.0,0.249,9.0,0.0
1178,1.0,6.605,197.0,37.55
1179,1.0,1.468,214.0,7.32
1180,1.0,0.669,157.0,4.93
1181,3.0,0.336,58.0,2.0
1182,1.0,0.815,138.0,4.68
1183,0.0,0.11,2.0,0.45
1184,1.0,0.666,36.0,3.24
1185,1.0,2.546,129.0,13.58
1186,1.0,1.365,178.0,7.8
1187,2.0,0.522,25.0,3.71
1188,1.0,3.742,244.0,7.96
1189,1.0,1.35,70.0,5.14
1190,1.0,2.153,218.0,12.03
1191,0.0,0.141,4.0,0.82
1192,1.0,0.799,115.0,3.71
1193,1.0,0.99,332.0,3.04
1194,0.0,0.326,7.0,2.34
1195,4.0,0.1,1.0,1.0
1196,0.0,2.631,29.0,25.15
1197,0.0,1.777,34.0,20.84
1198,0.0,0.476,36.0,2.94
1199,1.0,0.84,27.0,2.29
1200,4.0,0.21,58.0,0.77
1201,0.0,0.319,77.0,1.88
1202,4.0,0.1,1.0,1.0
1203,1.0,1.614,150.0,4.69
1204,2.0,0.436,41.0,2.47
1205,1.0,1.492,20.0,3.33
1206,0.0,0.314,86.0,3.4
1207,0.0,0.147,4.0,1.14
1208,1.0,0.365,29.0,2.31
1209,1.0,1.614,150.0,4.69
1210,0.0,0.363,56.0,4.33
1211,0.0,0.17,6.0,1.44
1212,1.0,3.571,171.0,11.57
1213,1.0,1.005,144.0,8.0
1214,2.0,0.578,120.0,3.71
1215,1.0,2.153,218.0,12.03
1216,2.0,0.381,33.0,1.47
1217,4.0,0.101,1.0,0.0
1218,1.0,0.35,52.0,2.28
1219,2.0,0.464,42.0,3.2
1220,0.0,0.277,116.0,1.26
1221,2.0,0.502,83.0,3.87
1222,2.0,0.502,83.0,3.87
1223,1.0,1.645,61.0,8.53
1224,1.0,1.645,61.0,8.53
1225,1.0,0.587,127.0,4.48
1226,1.0,0.443,70.0,2.97
1227,2.0,0.626,81.0,3.86
1228,1.0,1.645,61.0,8.53
1229,1.0,0.857,169.0,7.77
1230,1.0,1.614,150.0,4.69
1231,0.0,0.228,22.0,1.25
1232,1.0,1.085,143.0,7.08
1233,1.0,9.008,537.0,16.48
1234,1.0,0.99,332.0,3.04
1235,1.0,0.502,34.0,0.8
1236,0.0,0.288,13.0,0.0
1237,2.0,0.592,21.0,1.76
1238,1.0,1.614,150.0,4.69
1239,1.0,1.057,103.0,7.05
1240,1.0,1.496,88.0,3.0
1241,3.0,0.379,3.0,0.88
1242,0.0,0.178,6.0,2.0
1243,1.0,1.005,144.0,8.0
1244,2.0,0.293,18.0,0.77
1245,2.0,0.468,10.0,0.89
1246,0.0,0.326,189.0,4.4
1247,0.0,0.241,18.0,1.05
1248,4.0,0.1,1.0,1.0
1249,1.0,1.384,86.0,5.33
1250,1.0,1.057,103.0,7.05
1251,1.0,3.042,135.0,6.08
1252,3.0,0.248,22.0,2.23
1253,2.0,0.481,40.0,1.22
1254,0.0,0.25,1.0,1.0
1255,2.0,0.314,98.0,4.12
1256,1.0,1.899,60.0,4.16
1257,4.0,0.21,58.0,0.77
1258,3.0,0.226,16.0,1.85
1259,0.0,0.18,19.0,0.82
1260,2.0,0.416,88.0,2.87
1261,0.0,0.195,13.0,1.1
1262,1.0,1.009,21.0,5.4
1263,2.0,0.636,172.0,4.35
1264,2.0,0.625,136.0,2.51
1265,2.0,0.358,21.0,1.18
1266,1.0,0.774,55.0,3.43
1267,0.0,0.222,17.0,1.66
1268,1.0,0.622,62.0,2.34
1269,3.0,0.305,57.0,1.37
1270,1.0,2.08,187.0,3.55
1271,1.0,1.439,93.0,4.32
1272,1.0,1.439,93.0,4.32
1273,1.0,1.274,79.0,6.77
1274,1.0,0.634,76.0,3.75
1275,3.0,0.304,58.0,0.68
1276,1.0,1.055,58.0,4.81
1277,1.0,2.546,129.0,13.58
1278,4.0,0.1,1.0,1.0
1279,1.0,1.057,103.0,7.05
1280,1.0,1.24,213.0,4.13
1281,1.0,1.941,188.0,4.03
1282,0.0,0.317,9.0,0.0
1283,3.0,0.541,91.0,1.8
1284,1.0,1.591,153.0,8.41
1285,0.0,0.24,10.0,0.0
1286,2.0,0.597,79.0,2.18
1287,4.0,0.21,58.0,0.77
1288,0.0,0.181,5.0,1.25
1289,0.0,0.424,9.0,2.1
1290,1.0,0.913,62.0,2.63
1291,1.0,0.751,57.0,2.84
1292,1.0,0.99,332.0,3.04
1293,0.0,0.171,15.0,2.53
1294,1.0,0.903,145.0,3.11
1295,2.0,0.304,19.0,0.42
1296,1.0,1.567,208.0,3.51
1297,2.0,0.446,43.0,3.07
1298,0.0,0.269,50.0,0.0
1299,4.0,0.21,58.0,0.77
1300,4.0,0.21,58.0,0.77
1301,1.0,2.628,182.0,4.71
1302,4.0,0.1,1.0,1.0
1303,0.0,0.225,8.0,0.0
1304,1.0,1.207,70.0,4.91
1305,2.0,0.791,66.0,5.59
1306,4.0,0.1,1.0,1.0
1307,0.0,0.374,7.0,1.83
1308,1.0,2.628,182.0,4.71
1309,0.0,0.19,11.0,0.0
1310,3.0,0.22,57.0,1.3
1311,2.0,0.578,120.0,3.71
1312,1.0,1.124,106.0,4.82
1313,1.0,1.614,150.0,4.69
1314,2.0,1.413,81.0,4.27
1315,1.0,1.614,150.0,4.69
1316,1.0,1.614,150.0,4.69
1317,1.0,0.84,27.0,2.29
1318,1.0,6.661,302.0,9.0
1319,4.0,0.1,1.0,1.0
1320,1.0,1.614,150.0,4.69
1321,1.0,0.84,27.0,2.29
1322,0.0,0.169,6.0,0.81
1323,2.0,0.446,43.0,3.07
1324,3.0,0.309,67.0,1.55
1325,2.0,0.446,43.0,3.07
1326,1.0,2.406,185.0,8.31
1327,0.0,0.362,13.0,0.0
1328,1.0,1.207,70.0,4.91
1329,2.0,0.373,48.0,2.58
1330,0.0,0.283,13.0,0.0
1331,2.0,0.57,24.0,5.96
1332,0.0,0.141,9.0,0.0
1333,0.0,0.141,9.0,0.0
1334,1.0,2.628,182.0,4.71
1335,0.0,0.249,7.0,1.12
1336,0.0,0.331,32.0,0.0
1337,0.0,0.319,77.0,1.88
1338,0.0,0.212,21.0,1.42
1339,0.0,0.387,31.0,0.0
1340,0.0,0.249,9.0,0.0
1341,2.0,0.464,42.0,3.2
1342,2.0,0.603,57.0,2.69
1343,2.0,0.693,34.0,2.96
1344,1.0,1.207,70.0,4.91
1345,1.0,1.614,150.0,4.69
1346,1.0,1.614,150.0,4.69
1347,2.0,0.324,53.0,2.03
1348,2.0,0.324,53.0,2.03
1349,1.0,2.565,64.0,6.1
1350,1.0,0.718,55.0,3.17
1351,1.0,2.546,129.0,13.58
1352,0.0,0.387,31.0,0.0
1353,1.0,0.945,51.0,5.91
1354,1.0,0.945,51.0,5.91
1355,1.0,1.468,214.0,7.32
1356,1.0,1.365,178.0,7.8
1357,0.0,0.326,189.0,4.4
1358,3.0,0.304,58.0,0.68
1359,1.0,1.439,93.0,4.32
1360,1.0,0.762,57.0,2.13
1361,1.0,1.614,150.0,4.69
1362,1.0,1.614,150.0,4.69
1363,0.0,0.286,15.0,0.0
1364,1.0,1.614,150.0,4.69
1365,1.0,0.84,27.0,2.29
1366,2.0,0.381,33.0,1.47
1367,1.0,2.298,130.0,2.56
1368,1.0,2.153,218.0,12.03
1369,1.0,2.153,218.0,12.03
1370,1.0,2.153,218.0,12.03
1371,1.0,1.057,103.0,7.05
1372,0.0,0.511,26.0,3.1
1373,0.0,1.122,96.0,7.95
1374,0.0,1.122,96.0,7.95
1375,2.0,0.777,73.0,3.18
1376,4.0,0.1,1.0,1.0
1377,1.0,1.614,150.0,4.69
1378,0.0,0.141,4.0,0.82
1379,1.0,0.862,45.0,4.35
1380,1.0,0.862,45.0,4.35
1381,3.0,0.292,50.0,1.59
1382,0.0,0.476,36.0,2.94
1383,0.0,0.476,36.0,2.94
1384,1.0,0.862,45.0,4.35
1385,4.0,0.21,58.0,0.77
1386,1.0,2.153,218.0,12.03
1387,0.0,0.169,6.0,0.81
1388,1.0,0.946,134.0,5.5
1389,1.0,0.653,90.0,4.46
1390,1.0,0.806,124.0,4.41
1391,0.0,0.171,5.0,0.0
1392,0.0,0.269,6.0,1.72
1393,0.0,0.19,8.0,0.0
1394,1.0,1.614,150.0,4.69
1395,1.0,1.057,103.0,7.05
1396,0.0,0.155,8.0,0.0
1397,1.0,1.124,106.0,4.82
1398,0.0,0.259,42.0,1.31
1399,1.0,0.627,105.0,4.08
1400,0.0,0.217,4.0,1.13
1401,1.0,2.393,287.0,9.59
1402,1.0,2.393,287.0,9.59
1403,3.0,0.193,14.0,0.43
1404,0.0,0.255,14.0,2.24
1405,0.0,0.286,15.0,0.0
1406,4.0,0.1,3.0,0.0
1407,1.0,0.945,51.0,5.91
1408,0.0,0.196,6.0,0.0
1409,1.0,0.862,45.0,4.35
1410,0.0,0.11,2.0,0.45
1411,1.0,19.469,318.0,10.93
1412,1.0,1.24,213.0,4.13
1413,1.0,2.075,97.0,12.37
1414,1.0,2.01,223.0,10.76
1415,0.0,0.22,7.0,1.23
1416,1.0,0.443,70.0,2.97
1417,1.0,0.666,36.0,3.24
1418,2.0,0.502,83.0,3.87
1419,1.0,2.887,135.0,13.28
1420,2.0,0.416,88.0,2.87
1421,2.0,0.434,28.0,3.64
1422,2.0,0.349,92.0,2.85
1423,1.0,1.274,79.0,6.77
1424,1.0,0.679,126.0,3.75
1425,1.0,1.613,133.0,10.45
1426,3.0,0.238,66.0,1.19
1427,0.0,0.178,6.0,2.0
1428,3.0,0.193,14.0,0.43
1429,0.0,1.0,3.0,0.0
1430,0.0,0.361,90.0,1.74
1431,0.0,0.387,31.0,0.0
1432,1.0,1.78,199.0,13.21
1433,0.0,0.129,4.0,0.45
1434,0.0,0.227,14.0,1.56
1435,1.0,1.46,93.0,2.49
1436,4.0,0.1,1.0,1.0
1437,4.0,0.21,58.0,0.77
1438,4.0,0.1,1.0,1.0
1439,0.0,0.212,21.0,1.42
1440,3.0,0.271,27.0,1.6
1441,0.0,0.225,8.0,0.0
1442,0.0,0.308,4.0,1.94
1443,1.0,1.365,178.0,7.8
1444,1.0,0.587,127.0,4.48
1445,3.0,0.215,0.0,0.0
1446,1.0,0.907,188.0,3.34
1447,2.0,0.777,73.0,3.18
1448,1.0,0.718,55.0,3.17
1449,2.0,0.518,32.0,3.06
1450,1.0,2.496,135.0,12.22
1451,3.0,0.501,9.0,1.58
1452,1.0,1.614,150.0,4.69
1453,1.0,1.057,103.0,7.05
1454,1.0,1.124,106.0,4.82
1455,0.0,0.384,19.0,2.53
1456,0.0,0.384,19.0,2.53
1457,4.0,0.21,58.0,0.77
1458,2.0,0.578,120.0,3.71
1459,1.0,1.005,144.0,8.0
1460,3.0,0.305,57.0,1.37
1461,1.0,1.365,178.0,7.8
1462,0.0,0.361,90.0,1.74
1463,1.0,1.129,75.0,1.28
1464,1.0,1.005,144.0,8.0
1465,1.0,1.294,114.0,4.37
1466,1.0,1.614,150.0,4.69
1467,0.0,0.183,16.0,0.0
1468,1.0,1.365,178.0,7.8
1469,0.0,0.369,16.0,0.0
1470,0.0,0.369,16.0,0.0
1471,1.0,2.393,287.0,9.59
1472,2.0,0.518,32.0,3.06
1473,3.0,0.304,58.0,0.68
1474,4.0,0.1,1.0,1.0
1475,0.0,0.286,15.0,0.0
1476,4.0,0.1,1.0,1.0
1477,4.0,0.1,1.0,1.0
1478,0.0,4.392,1.0,0.0
1479,1.0,1.057,103.0,7.05
1480,1.0,0.976,84.0,2.77
1481,1.0,1.776,129.0,9.26
1482,1.0,0.666,36.0,3.24
1483,0.0,0.476,36.0,2.94
1484,1.0,2.01,223.0,10.76
1485,1.0,0.913,62.0,2.63
1486,0.0,0.129,8.0,0.0
1487,4.0,0.129,2.0,0.31
1488,1.0,1.82,121.0,4.4
1489,3.0,0.304,58.0,0.68
1490,0.0,0.354,17.0,2.29
1491,0.0,0.21,15.0,0.0
1492,4.0,0.187,13.0,1.2
1493,0.0,0.124,7.0,0.0
1494,0.0,0.602,88.0,3.13
1495,0.0,0.463,15.0,0.0
1496,1.0,0.666,36.0,3.24
1497,1.0,0.98,87.0,6.69
1498,0.0,0.175,5.0,0.77
1499,1.0,7.471,245.0,12.12
1500,1.0,1.614,150.0,4.69
1501,2.0,0.777,73.0,3.18
1502,2.0,0.652,12.0,2.68
1503,1.0,1.614,150.0,4.69
1504,1.0,1.055,58.0,4.81
1505,1.0,1.069,9.0,2.28
1506,1.0,9.008,537.0,16.48
1507,1.0,9.008,537.0,16.48
1508,2.0,1.413,81.0,4.27
1509,0.0,0.174,10.0,0.0
1510,1.0,1.303,44.0,3.56
1511,1.0,2.565,64.0,6.1
1512,4.0,0.125,1.0,0.0
1513,1.0,1.068,105.0,3.91
1514,2.0,0.302,38.0,1.71
1515,1.0,0.767,101.0,4.09
1516,2.0,0.573,99.0,1.87
1517,0.0,0.201,17.0,1.64
1518,1.0,0.734,114.0,2.89
1519,1.0,1.293,125.0,6.98
1520,2.0,0.502,83.0,3.87
1521,0.0,0.186,1.0,3.0
1522,4.0,0.21,58.0,0.77
1523,2.0,0.777,73.0,3.18
1524,1.0,1.614,150.0,4.69
1525,1.0,1.057,103.0,7.05
1526,1.0,1.614,150.0,4.69
1527,1.0,0.63,64.0,4.79
1528,0.0,0.352,29.0,2.53
1529,0.0,0.283,13.0,0.0
1530,3.0,0.185,20.0,0.83
1531,1.0,1.031,35.0,11.09
1532,4.0,0.21,58.0,0.77
1533,4.0,0.1,1.0,1.0
1534,1.0,2.153,218.0,12.03
1535,2.0,0.396,55.0,2.6
1536,0.0,0.272,60.0,2.26
1537,4.0,0.118,3.0,0.11
1538,1.0,0.779,38.0,1.75
1539,0.0,0.476,36.0,2.94
1540,1.0,1.614,150.0,4.69
1541,0.0,0.387,31.0,0.0
1542,0.0,0.476,36.0,2.94
1543,4.0,0.21,58.0,0.77
1544,1.0,2.153,218.0,12.03
1545,1.0,2.153,218.0,12.03
1546,0.0,0.133,4.0,1.16
1547,3.0,0.304,58.0,0.68
1548,1.0,1.614,150.0,4.69
1549,1.0,1.614,150.0,4.69
1550,1.0,0.86,52.0,5.63
1551,2.0,0.464,42.0,3.2
1552,0.0,0.361,90.0,1.74
1553,0.0,0.671,10.0,4.9
1554,1.0,0.666,36.0,3.24
1555,1.0,3.509,128.0,5.37
1556,2.0,1.413,81.0,4.27
1557,1.0,3.204,113.0,9.48
1558,1.0,0.929,148.0,5.02
1559,0.0,0.133,10.0,0.47
1560,0.0,0.153,10.0,0.0
1561,0.0,0.314,86.0,3.4
1562,2.0,0.522,25.0,3.71
1563,3.0,0.727,0.0,0.0
1564,2.0,0.395,28.0,0.94
1565,1.0,0.862,45.0,4.35
1566,3.0,0.193,14.0,0.43
1567,3.0,0.304,58.0,0.68
1568,0.0,0.129,3.0,0.0
1569,0.0,0.387,31.0,0.0
1570,1.0,0.922,0.0,0.0
1571,1.0,2.153,218.0,12.03
1572,1.0,0.903,145.0,3.11
1573,0.0,0.251,14.0,0.0
1574,1.0,1.446,142.0,4.84
1575,0.0,0.264,39.0,1.23
1576,0.0,0.264,39.0,1.23
1577,1.0,0.612,85.0,3.48
1578,1.0,1.005,84.0,4.8
1579,2.0,0.693,34.0,2.96
1580,1.0,1.057,103.0,7.05
1581,1.0,2.947,54.0,6.52
1582,1.0,1.614,150.0,4.69
1583,1.0,0.679,126.0,3.75
1584,2.0,0.373,48.0,2.58
1585,0.0,0.277,116.0,1.26
1586,2.0,0.381,26.0,1.85
1587,1.0,1.057,103.0,7.05
1588,1.0,0.929,148.0,5.02
1589,0.0,0.128,5.0,0.0
1590,0.0,0.128,5.0,0.0
1591,2.0,0.579,79.0,3.63
1592,1.0,0.915,34.0,5.08
1593,1.0,2.075,97.0,12.37
1594,1.0,1.36,174.0,8.78
1595,0.0,0.172,5.0,0.71
1596,1.0,3.259,364.0,6.82
1597,4.0,0.21,58.0,0.77
1598,0.0,0.249,18.0,0.0
1599,0.0,0.24,15.0,0.0
1600,4.0,0.187,13.0,1.2
1601,4.0,0.1,1.0,1.0
1602,0.0,4.392,1.0,0.0
1603,1.0,1.159,113.0,4.72
1604,1.0,1.439,93.0,4.32
1605,4.0,0.21,58.0,0.77
1606,0.0,0.124,7.0,0.0
1607,1.0,1.159,113.0,4.72
1608,1.0,0.598,51.0,4.97
1609,1.0,1.057,103.0,7.05
1610,1.0,3.143,90.0,8.6
1611,0.0,0.326,189.0,4.4
1612,1.0,0.587,127.0,4.48
1613,1.0,2.628,182.0,4.71
1614,3.0,0.501,9.0,1.58
1615,4.0,0.144,1.0,0.0
1616,1.0,1.057,103.0,7.05
1617,0.0,0.255,4.0,6.0
1618,0.0,0.314,86.0,3.4
1619,0.0,0.314,86.0,3.4
1620,3.0,0.282,80.0,1.04
1621,1.0,1.055,58.0,4.81
1622,1.0,1.057,103.0,7.05
1623,1.0,1.057,103.0,7.05
1624,0.0,0.387,31.0,0.0
1625,0.0,0.16,10.0,1.04
1626,1.0,1.567,208.0,3.51
1627,1.0,0.94,73.0,2.36
1628,1.0,0.587,127.0,4.48
1629,3.0,0.304,58.0,0.68
1630,2.0,0.357,105.0,1.22
1631,0.0,0.352,29.0,2.53
1632,1.0,1.407,21.0,2.26
1633,4.0,0.21,58.0,0.77
1634,1.0,3.599,390.0,7.14
1635,1.0,1.057,38.0,5.59
1636,3.0,0.22,57.0,1.3
1637,1.0,2.153,218.0,12.03
1638,0.0,0.249,9.0,1.15
1639,2.0,0.445,91.0,1.88
1640,0.0,0.277,116.0,1.26
1641,3.0,0.304,58.0,0.68
1642,0.0,0.134,6.0,0.66
1643,0.0,0.554,8.0,3.35
1644,1.0,1.646,44.0,12.49
1645,0.0,0.399,153.0,3.58
1646,1.0,3.204,113.0,9.48
1647,0.0,0.277,116.0,1.26
1648,1.0,0.713,80.0,5.4
1649,2.0,0.379,27.0,4.42
1650,0.0,0.11,2.0,0.45
1651,1.0,0.558,42.0,2.03
1652,0.0,0.286,15.0,0.0
1653,1.0,9.556,297.0,8.79
1654,0.0,0.124,7.0,0.0
1655,0.0,0.252,12.0,1.36
1656,0.0,0.107,2.0,0.6
1657,2.0,0.538,48.0,1.45
1658,2.0,0.535,21.0,1.77
1659,2.0,0.538,48.0,1.45
1660,0.0,0.11,2.0,0.45
1661,2.0,0.684,29.0,2.88
1662,0.0,0.145,5.0,0.0
1663,1.0,1.614,150.0,4.69
1664,1.0,1.614,150.0,4.69
1665,1.0,0.587,127.0,4.48
1666,1.0,2.947,54.0,6.52
1667,3.0,0.711,152.0,1.17
1668,4.0,0.1,1.0,1.0
1669,0.0,0.142,5.0,1.25
1670,0.0,0.11,2.0,0.45
1671,3.0,0.292,50.0,1.59
1672,2.0,0.461,42.0,2.11
1673,3.0,0.292,50.0,1.59
1674,2.0,0.461,42.0,2.11
1675,1.0,1.005,144.0,8.0
1676,1.0,1.005,144.0,8.0
1677,0.0,0.134,6.0,0.66
1678,0.0,0.463,19.0,0.0
1679,1.0,0.416,58.0,0.88
1680,1.0,0.587,127.0,4.48
1681,1.0,2.01,223.0,10.76
1682,0.0,0.546,163.0,4.65
1683,1.0,1.567,208.0,3.51
1684,1.0,1.614,150.0,4.69
1685,3.0,0.727,0.0,0.0
1686,1.0,1.614,150.0,4.69
1687,1.0,1.057,103.0,7.05
1688,1.0,1.496,88.0,3.0
1689,1.0,1.314,87.0,5.9
1690,1.0,1.644,82.0,3.48
1691,1.0,1.124,106.0,4.82
1692,0.0,0.441,34.0,0.0
1693,1.0,0.873,168.0,6.01
1694,2.0,0.367,32.0,1.93
1695,1.0,2.823,252.0,11.83
1696,1.0,0.666,36.0,3.24
1697,1.0,0.734,114.0,2.89
1698,2.0,0.464,42.0,3.2
1699,1.0,1.124,106.0,4.82
1700,0.0,0.186,1.0,3.0
1701,1.0,1.009,30.0,2.4
1702,1.0,1.567,208.0,3.51
1703,0.0,0.277,116.0,1.26
1704,4.0,0.21,58.0,0.77
1705,0.0,0.867,10.0,0.0
1706,1.0,1.057,103.0,7.05
1707,0.0,0.896,14.0,2.93
1708,3.0,0.328,61.0,2.11
1709,4.0,0.1,1.0,1.0
1710,2.0,0.518,32.0,3.06
1711,2.0,0.396,55.0,2.6
1712,4.0,0.177,24.0,0.9
1713,1.0,2.628,182.0,4.71
1714,1.0,1.365,178.0,7.8
1715,0.0,0.459,19.0,0.0
1716,0.0,0.134,10.0,0.3
1717,1.0,0.732,65.0,3.23
1718,1.0,0.732,65.0,3.23
1719,0.0,0.319,77.0,1.88
1720,1.0,1.533,122.0,4.81
1721,0.0,0.546,163.0,4.65
1722,1.0,0.927,70.0,2.86
1723,3.0,0.189,4.0,0.79
1724,1.0,1.077,76.0,3.96
1725,1.0,3.599,390.0,7.14
1726,0.0,0.339,11.0,2.99
1727,1.0,9.008,537.0,16.48
1728,2.0,0.665,68.0,1.57
1729,1.0,0.866,95.0,2.9
1730,3.0,0.304,58.0,0.68
1731,1.0,1.057,103.0,7.05
1732,1.0,1.057,103.0,7.05
1733,0.0,0.277,116.0,1.26
1734,1.0,0.786,31.0,3.97
1735,0.0,0.387,31.0,0.0
1736,0.0,0.133,4.0,0.41
1737,2.0,0.345,38.0,1.9
1738,2.0,0.777,73.0,3.18
1739,3.0,0.378,9.0,1.25
1740,1.0,0.666,36.0,3.24
1741,1.0,1.057,38.0,5.59
1742,1.0,1.057,38.0,5.59
1743,1.0,0.622,8.0,0.0
1744,3.0,0.304,58.0,0.68
1745,1.0,1.614,150.0,4.69
1746,0.0,0.45,10.0,3.38
1747,1.0,1.144,62.0,4.76
1748,1.0,0.666,36.0,3.24
1749,2.0,0.367,32.0,1.93
1750,0.0,0.264,39.0,1.23
1751,0.0,0.264,39.0,1.23
1752,4.0,0.21,58.0,0.77
1753,0.0,0.118,3.0,0.57
1754,3.0,0.309,67.0,1.55
1755,1.0,0.587,127.0,4.48
1756,0.0,0.259,18.0,0.0
1757,1.0,1.614,150.0,4.69
1758,1.0,1.074,169.0,4.61
1759,1.0,3.406,208.0,5.25
1760,1.0,1.614,150.0,4.69
1761,1.0,0.806,124.0,4.41
1762,4.0,0.1,1.0,1.0
1763,1.0,1.549,92.0,6.11
1764,1.0,1.005,144.0,8.0
1765,1.0,1.005,144.0,8.0
1766,1.0,1.005,144.0,8.0
1767,1.0,1.406,62.0,3.24
1768,0.0,0.602,88.0,3.13
1769,3.0,0.304,58.0,0.68
1770,0.0,0.293,20.0,6.21
1771,0.0,0.212,21.0,0.93
1772,0.0,0.125,0.0,0.0
1773,0.0,0.536,33.0,0.0
1774,0.0,0.293,20.0,6.21
1775,3.0,0.23,28.0,0.26
1776,3.0,0.282,80.0,1.04
1777,4.0,0.1,1.0,1.0
1778,1.0,1.057,103.0,7.05
1779,1.0,1.567,208.0,3.51
1780,2.0,0.502,83.0,3.87
1781,1.0,1.144,62.0,4.76
1782,1.0,0.666,36.0,3.24
1783,4.0,0.182,17.0,0.52
1784,1.0,0.443,70.0,2.97
1785,1.0,0.84,27.0,2.29
1786,1.0,1.614,150.0,4.69
1787,1.0,1.145,105.0,8.17
1788,0.0,4.392,1.0,0.0
1789,1.0,6.476,342.0,10.03
1790,1.0,1.365,178.0,7.8
1791,1.0,2.075,97.0,12.37
1792,2.0,0.293,18.0,0.77
1793,1.0,2.31,70.0,10.88
1794,0.0,0.157,4.0,1.25
1795,1.0,0.718,55.0,3.17
1796,2.0,0.576,48.0,1.79
1797,1.0,0.666,36.0,3.24
1798,0.0,0.301,10.0,0.0
1799,2.0,0.308,7.0,2.53
1800,0.0,0.276,16.0,0.0
1801,3.0,0.308,72.0,1.13
1802,1.0,0.929,148.0,5.02
1803,1.0,0.587,127.0,4.48
1804,1.0,0.672,43.0,1.37
1805,1.0,0.647,78.0,2.08
1806,1.0,0.647,78.0,2.08
1807,0.0,0.171,4.0,0.75
1808,0.0,0.282,12.0,0.0
1809,0.0,0.511,26.0,3.1
1810,0.0,0.463,15.0,0.0
1811,1.0,0.587,127.0,4.48
1812,2.0,0.445,91.0,1.88
1813,1.0,1.057,103.0,7.05
1814,1.0,0.666,36.0,3.24
1815,4.0,0.21,58.0,0.77
1816,2.0,0.723,111.0,2.5
1817,0.0,0.143,8.0,0.0
1818,0.0,0.476,36.0,2.94
1819,1.0,3.599,390.0,7.14
1820,3.0,0.304,58.0,0.68
1821,1.0,1.909,142.0,8.43
1822,0.0,0.524,12.0,2.88
1823,0.0,0.249,7.0,1.12
1824,1.0,2.297,133.0,6.21
1825,1.0,4.138,22.0,9.06
1826,1.0,3.143,90.0,8.6
1827,1.0,1.82,121.0,4.4
1828,1.0,0.443,70.0,2.97
1829,1.0,0.665,22.0,6.82
1830,4.0,0.147,13.0,1.05
1831,2.0,0.39,53.0,2.41
1832,0.0,1.122,96.0,7.95
1833,1.0,0.638,87.0,4.72
1834,2.0,0.417,89.0,2.48
1835,0.0,0.175,10.0,0.0
1836,4.0,0.1,1.0,1.0
1837,1.0,0.666,36.0,3.24
1838,2.0,0.314,98.0,4.12
1839,1.0,3.599,390.0,7.14
1840,1.0,1.644,161.0,4.22
1841,1.0,0.846,169.0,3.56
1842,3.0,0.647,16.0,1.19
1843,1.0,1.614,150.0,4.69
1844,1.0,0.443,70.0,2.97
1845,1.0,1.645,61.0,8.53
1846,0.0,0.254,83.0,1.31
1847,1.0,1.262,119.0,9.11
1848,3.0,0.247,18.0,1.46
1849,4.0,0.151,14.0,0.57
1850,1.0,1.752,125.0,5.44
1851,1.0,1.207,70.0,4.91
1852,0.0,0.463,15.0,0.0
1853,1.0,1.061,101.0,8.01
1854,0.0,0.387,31.0,0.0
1855,1.0,1.952,85.0,2.97
1856,1.0,1.365,178.0,7.8
1857,1.0,1.365,178.0,7.8
1858,1.0,0.734,114.0,2.89
1859,1.0,1.614,150.0,4.69
1860,2.0,0.707,15.0,1.8
1861,1.0,1.646,44.0,12.49
1862,3.0,0.167,12.0,0.27
1863,4.0,0.139,19.0,0.03
1864,1.0,5.564,89.0,7.94
1865,0.0,0.215,18.0,0.0
1866,3.0,0.336,33.0,1.5
1867,1.0,0.999,116.0,3.3
1868,0.0,0.276,18.0,1.26
1869,0.0,1.0,2.0,0.0
1870,1.0,0.666,36.0,3.24
1871,1.0,1.468,214.0,7.32
1872,1.0,3.599,390.0,7.14
1873,2.0,0.437,70.0,2.68
1874,0.0,0.122,7.0,0.8
1875,1.0,1.262,119.0,9.11
1876,1.0,0.638,87.0,4.72
1877,0.0,0.319,77.0,1.88
1878,0.0,0.45,10.0,3.38
1879,2.0,0.344,43.0,2.42
1880,1.0,1.613,133.0,10.45
1881,1.0,1.262,119.0,9.11
1882,2.0,0.626,81.0,3.86
1883,1.0,0.718,55.0,3.17
1884,1.0,1.188,12.0,2.95
1885,2.0,1.343,52.0,4.01
1886,1.0,2.565,64.0,6.1
1887,1.0,1.941,188.0,4.03
1888,0.0,0.141,4.0,0.82
1889,0.0,0.361,90.0,1.74
1890,0.0,0.145,5.0,0.65
1891,1.0,0.813,46.0,3.31
1892,2.0,0.437,17.0,0.83
1893,1.0,3.143,90.0,8.6
1894,0.0,0.261,12.0,0.0
1895,3.0,0.2,49.0,0.84
1896,0.0,0.198,6.0,3.12
1897,0.0,0.45,10.0,3.38
1898,2.0,0.518,32.0,3.06
1899,1.0,1.36,174.0,8.78
1900,0.0,0.132,7.0,0.74
1901,0.0,0.546,163.0,4.65
1902,1.0,3.026,179.0,10.88
1903,1.0,3.026,179.0,10.88
1904,1.0,0.94,73.0,2.36
1905,2.0,0.578,120.0,3.71
1906,4.0,0.101,1.0,0.0
1907,0.0,0.319,77.0,1.88
1908,1.0,0.972,145.0,4.31
1909,2.0,0.365,38.0,2.64
1910,1.0,2.001,185.0,6.8
1911,1.0,0.587,127.0,4.48
1912,0.0,0.15,14.0,0.0
1913,0.0,4.392,1.0,0.0
1914,1.0,0.598,51.0,4.97
1915,0.0,0.157,2.0,0.58
1916,1.0,0.924,102.0,6.27
1917,1.0,1.614,150.0,4.69
1918,1.0,1.614,150.0,4.69
1919,1.0,4.138,22.0,9.06
1920,3.0,0.711,152.0,1.17
1921,1.0,0.929,148.0,5.02
1922,0.0,0.21,10.0,0.0
1923,3.0,0.3,34.0,2.3
1924,2.0,0.777,73.0,3.18
1925,1.0,0.666,36.0,3.24
1926,2.0,0.791,66.0,5.59
1927,2.0,0.578,120.0,3.71
1928,1.0,1.057,103.0,7.05
1929,1.0,1.057,103.0,7.05
1930,2.0,0.426,27.0,2.7
1931,1.0,1.321,47.0,4.38
1932,1.0,0.443,70.0,2.97
1933,3.0,0.214,21.0,0.77
1934,1.0,0.929,59.0,4.63
1935,1.0,1.567,208.0,3.51
1936,1.0,3.143,90.0,8.6
1937,0.0,0.476,36.0,2.94
1938,1.0,1.567,208.0,3.51
1939,0.0,0.228,15.0,1.56
1940,4.0,0.1,1.0,1.0
1941,4.0,0.1,1.0,1.0
1942,1.0,0.99,332.0,3.04
1943,0.0,0.353,10.0,2.67
1944,4.0,0.21,58.0,0.77
1945,4.0,0.21,58.0,0.77
1946,0.0,0.11,2.0,0.45
1947,1.0,0.926,122.0,0.0
1948,1.0,1.952,85.0,2.97
1949,3.0,0.304,58.0,0.68
1950,1.0,0.672,43.0,1.37
1951,1.0,1.941,188.0,4.03
1952,1.0,1.941,188.0,4.03
1953,3.0,0.304,58.0,0.68
1954,1.0,1.057,103.0,7.05
1955,0.0,0.197,8.0,1.01
1956,4.0,0.1,1.0,1.0
1957,1.0,2.079,163.0,19.16
1958,1.0,1.285,124.0,5.33
1959,1.0,1.005,144.0,8.0
1960,0.0,0.131,4.0,1.92
1961,1.0,1.005,144.0,8.0
1962,1.0,1.005,144.0,8.0
1963,1.0,1.124,106.0,4.82
1964,4.0,0.21,58.0,0.77
1965,1.0,1.022,174.0,5.4
1966,1.0,1.46,93.0,2.49
1967,1.0,2.153,218.0,12.03
1968,1.0,2.153,218.0,12.03
1969,1.0,1.207,70.0,4.91
1970,1.0,1.406,62.0,3.24
1971,1.0,1.196,56.0,2.66
1972,3.0,0.316,67.0,2.52
1973,1.0,0.806,124.0,4.41
1974,1.0,1.032,102.0,5.11
1975,0.0,0.134,3.0,0.0
1976,0.0,0.136,10.0,0.0
1977,1.0,0.846,169.0,3.56
1978,0.0,1.122,96.0,7.95
1979,1.0,1.614,150.0,4.69
1980,3.0,0.247,46.0,1.82
1981,1.0,1.614,150.0,4.69
1982,0.0,0.161,9.0,0.0
1983,3.0,0.282,80.0,1.04
1984,0.0,0.152,7.0,0.0
1985,0.0,0.227,9.0,1.01
1986,2.0,0.777,73.0,3.18
1987,1.0,1.614,150.0,4.69
1988,3.0,0.193,14.0,0.43
1989,1.0,0.907,136.0,5.3
1990,0.0,0.187,9.0,0.0
1991,1.0,9.008,537.0,16.48
1992,3.0,0.255,34.0,1.73
1993,1.0,0.533,70.0,1.13
1994,2.0,0.434,28.0,3.64
1995,2.0,0.385,41.0,2.18
1996,1.0,2.153,218.0,12.03
1997,1.0,1.057,103.0,7.05
1998,3.0,0.193,14.0,0.43
1999,1.0,0.587,127.0,4.48
2000,3.0,0.426,46.0,0.86
2001,2.0,0.367,32.0,1.93
2002,0.0,0.363,56.0,4.33
2003,1.0,1.614,150.0,4.69
2004,0.0,0.387,31.0,0.0
2005,1.0,0.365,29.0,2.31
2006,0.0,0.276,108.0,2.12
2007,1.0,0.634,76.0,3.75
2008,1.0,1.23,72.0,6.73
2009,2.0,0.268,15.0,0.93
2010,1.0,0.63,64.0,4.79
2011,3.0,0.304,58.0,0.68
2012,1.0,0.557,56.0,3.02
2013,1.0,2.075,97.0,12.37
2014,1.0,1.614,150.0,4.69
2015,3.0,0.304,58.0,0.68
2016,1.0,0.999,116.0,3.3
2017,1.0,0.999,116.0,3.3
2018,4.0,0.21,58.0,0.77
2019,1.0,0.666,36.0,3.24
2020,3.0,0.238,66.0,1.19
2021,1.0,1.614,150.0,4.69
2022,1.0,2.823,252.0,11.83
2023,0.0,0.108,3.0,0.54
2024,2.0,0.547,85.0,3.39
2025,0.0,0.546,163.0,4.65
2026,1.0,5.559,365.0,13.78
2027,1.0,0.94,73.0,2.36
2028,0.0,1.033,39.0,0.0
2029,1.0,1.057,103.0,7.05
2030,1.0,1.057,103.0,7.05
2031,0.0,0.276,18.0,1.26
2032,0.0,0.277,116.0,1.26
2033,0.0,0.387,31.0,0.0
2034,1.0,0.642,109.0,4.94
2035,0.0,0.141,4.0,0.82
2036,0.0,0.196,5.0,1.69
2037,4.0,0.179,48.0,1.65
2038,1.0,1.274,79.0,6.77
2039,1.0,1.613,133.0,10.45
2040,1.0,1.613,133.0,10.45
2041,0.0,0.141,4.0,0.82
2042,3.0,0.304,58.0,0.68
2043,1.0,1.093,26.0,6.06
2044,0.0,0.264,39.0,1.23
2045,4.0,0.21,58.0,0.77
2046,2.0,0.365,38.0,2.64
2047,1.0,1.057,103.0,7.05
2048,0.0,0.24,10.0,0.0
2049,1.0,1.36,174.0,8.78
2050,0.0,0.352,29.0,2.53
2051,0.0,0.194,4.0,1.0
2052,1.0,0.862,45.0,4.35
2053,1.0,1.207,70.0,4.91
2054,2.0,0.396,55.0,2.6
2055,0.0,0.125,0.0,0.0
2056,1.0,0.718,55.0,3.17
2057,0.0,0.241,13.0,2.91
2058,2.0,0.774,47.0,1.23
2059,3.0,0.336,33.0,1.5
2060,2.0,0.464,42.0,3.2
2061,0.0,0.25,15.0,1.69
2062,1.0,1.384,86.0,5.33
2063,1.0,1.384,86.0,5.33
2064,0.0,0.45,10.0,3.38
2065,2.0,0.603,57.0,2.69
2066,1.0,1.446,142.0,4.84
2067,2.0,0.464,42.0,3.2
2068,0.0,0.281,14.0,2.36
2069,0.0,0.11,2.0,0.45
2070,1.0,1.057,103.0,7.05
2071,0.0,0.213,9.0,1.53
2072,0.0,0.248,68.0,1.2
2073,1.0,0.972,145.0,4.31
2074,1.0,1.591,153.0,8.41
2075,1.0,1.591,153.0,8.41
2076,4.0,0.1,1.0,1.0
2077,2.0,0.578,120.0,3.71
2078,1.0,0.84,27.0,2.29
2079,1.0,1.294,114.0,4.37
2080,1.0,0.718,55.0,3.17
2081,1.0,0.718,55.0,3.17
2082,1.0,0.718,55.0,3.17
2083,3.0,0.3,34.0,2.3
2084,1.0,1.285,124.0,5.33
2085,1.0,1.825,191.0,8.39
2086,1.0,1.825,191.0,8.39
2087,0.0,0.183,10.0,0.0
2088,0.0,0.175,5.0,0.77
2089,1.0,2.153,218.0,12.03
2090,1.0,2.153,218.0,12.03
2091,0.0,0.249,9.0,0.0
2092,0.0,0.342,12.0,0.0
2093,1.0,0.84,27.0,2.29
2094,2.0,0.777,73.0,3.18
2095,1.0,1.057,103.0,7.05
2096,1.0,0.666,36.0,3.24
2097,1.0,1.262,119.0,9.11
2098,1.0,1.057,103.0,7.05
2099,0.0,1.122,96.0,7.95
2100,1.0,1.254,27.0,4.45
2101,2.0,0.534,17.0,3.11
2102,1.0,0.718,55.0,3.17
2103,1.0,0.718,55.0,3.17
2104,1.0,1.057,103.0,7.05
2105,4.0,0.21,58.0,0.77
2106,3.0,0.316,67.0,2.52
2107,2.0,0.427,37.0,1.4
2108,0.0,0.195,9.0,0.0
2109,1.0,0.84,27.0,2.29
2110,1.0,1.057,103.0,7.05
2111,0.0,0.213,8.0,0.0
2112,0.0,0.241,7.0,1.34
2113,3.0,0.316,67.0,2.52
2114,2.0,0.508,42.0,3.53
2115,1.0,1.614,150.0,4.69
2116,1.0,1.057,103.0,7.05
2117,0.0,0.228,9.0,0.0
2118,1.0,1.909,142.0,8.43
2119,1.0,1.314,87.0,5.9
2120,0.0,0.238,78.0,1.04
2121,1.0,0.666,36.0,3.24
2122,1.0,0.666,36.0,3.24
2123,1.0,1.085,143.0,7.08
2124,0.0,0.326,189.0,4.4
2125,1.0,0.845,122.0,4.25
2126,4.0,0.1,1.0,1.0
2127,1.0,0.734,114.0,2.89
2128,1.0,0.84,27.0,2.29
2129,1.0,1.057,103.0,7.05
2130,1.0,1.614,150.0,4.69
2131,1.0,1.23,72.0,6.73
2132,1.0,0.753,108.0,2.65
2133,1.0,1.009,30.0,2.4
2134,1.0,0.806,124.0,4.41
2135,3.0,0.304,58.0,0.68
2136,1.0,0.598,51.0,4.97
2137,0.0,0.248,68.0,1.2
2138,1.0,0.598,51.0,4.97
2139,1.0,0.598,51.0,4.97
2140,1.0,0.84,27.0,2.29
2141,1.0,0.99,332.0,3.04
2142,3.0,0.226,16.0,1.85
2143,0.0,0.102,3.0,0.0
2144,1.0,1.005,144.0,8.0
2145,0.0,0.121,2.0,0.31
2146,0.0,0.54,12.0,4.31
2147,1.0,1.614,150.0,4.69
2148,1.0,1.282,30.0,1.94
2149,0.0,0.158,4.0,0.71
2150,0.0,0.259,18.0,0.0
2151,2.0,0.609,46.0,5.14
2152,0.0,0.174,10.0,0.0
2153,2.0,0.163,17.0,0.82
2154,2.0,0.693,34.0,2.96
2155,1.0,1.614,150.0,4.69
2156,0.0,0.421,4.0,0.0
2157,0.0,0.275,13.0,1.62
2158,1.0,1.558,49.0,4.44
2159,1.0,0.587,127.0,4.48
2160,1.0,1.53,37.0,3.23
2161,1.0,0.967,214.0,3.51
2162,1.0,1.778,175.0,7.17
2163,0.0,0.314,86.0,3.4
2164,1.0,1.294,114.0,4.37
2165,1.0,0.63,64.0,4.79
2166,1.0,6.293,1.0,27.0
2167,1.0,0.806,124.0,4.41
2168,0.0,0.291,48.0,0.92
2169,2.0,0.445,85.0,3.25
2170,1.0,1.057,103.0,7.05
2171,0.0,0.161,9.0,0.0
2172,1.0,0.98,87.0,6.69
2173,0.0,0.374,7.0,1.83
2174,3.0,0.304,58.0,0.68
2175,2.0,0.385,41.0,2.18
2176,1.0,0.782,80.0,4.99
2177,1.0,1.057,103.0,7.05
2178,0.0,0.387,31.0,0.0
2179,2.0,0.693,34.0,2.96
2180,1.0,0.35,52.0,2.28
2181,0.0,0.284,9.0,0.0
2182,1.0,1.057,38.0,5.59
2183,1.0,1.406,62.0,3.24
2184,0.0,0.282,12.0,0.0
2185,1.0,1.262,119.0,9.11
2186,1.0,0.443,70.0,2.97
2187,1.0,1.124,106.0,4.82
2188,2.0,0.32,17.0,2.64
2189,0.0,0.24,15.0,0.0
2190,0.0,0.141,9.0,0.0
2191,1.0,1.195,78.0,9.69
2192,1.0,1.446,142.0,4.84
2193,4.0,0.107,13.0,0.41
2194,1.0,0.804,115.0,3.53
2195,0.0,0.157,5.0,1.19
2196,2.0,0.626,81.0,3.86
2197,1.0,0.533,70.0,1.13
2198,1.0,0.666,36.0,3.24
2199,3.0,0.304,58.0,0.68
2200,2.0,0.606,103.0,5.12
2201,3.0,0.304,58.0,0.68
2202,2.0,0.464,42.0,3.2
2203,1.0,0.666,36.0,3.24
2204,1.0,1.614,150.0,4.69
2205,1.0,1.614,150.0,4.69
2206,3.0,0.189,4.0,0.79
2207,1.0,0.94,73.0,2.36
2208,1.0,0.598,51.0,4.97
2209,1.0,3.599,390.0,7.14
2210,1.0,3.204,113.0,9.48
2211,2.0,0.777,73.0,3.18
2212,1.0,1.446,142.0,4.84
2213,1.0,1.124,106.0,4.82
2214,1.0,0.798,135.0,5.93
2215,1.0,0.846,169.0,3.56
2216,2.0,0.373,48.0,2.58
2217,1.0,1.085,143.0,7.08
2218,1.0,1.406,62.0,3.24
2219,1.0,3.143,90.0,8.6
2220,0.0,0.196,6.0,0.0
2221,1.0,0.846,169.0,3.56
2222,3.0,0.304,58.0,0.68
2223,0.0,0.272,60.0,2.26
2224,1.0,3.259,364.0,6.82
2225,1.0,0.587,127.0,4.48
2226,1.0,2.079,163.0,19.16
2227,1.0,1.075,49.0,4.85
2228,1.0,1.057,103.0,7.05
2229,1.0,3.493,82.0,5.13
2230,3.0,0.302,60.0,1.95
2231,0.0,0.232,45.0,1.01
2232,2.0,0.437,67.0,2.21
2233,2.0,0.424,55.0,2.56
2234,2.0,0.693,34.0,2.96
2235,1.0,0.98,87.0,6.69
2236,1.0,3.599,390.0,7.14
2237,0.0,0.141,9.0,0.0
2238,1.0,0.638,87.0,4.72
2239,0.0,0.228,15.0,1.56
2240,1.0,0.669,157.0,4.93
2241,0.0,0.352,29.0,2.53
2242,1.0,1.614,150.0,4.69
2243,2.0,0.625,136.0,2.51
2244,1.0,5.879,139.0,7.45
2245,0.0,0.141,4.0,0.82
2246,1.0,3.204,113.0,9.48
2247,1.0,0.862,45.0,4.35
2248,0.0,0.11,2.0,0.45
2249,1.0,1.057,103.0,7.05
2250,1.0,1.057,103.0,7.05
2251,0.0,0.314,86.0,3.4
2252,1.0,1.567,208.0,3.51
2253,1.0,2.628,182.0,4.71
2254,1.0,1.567,208.0,3.51
2255,1.0,1.057,103.0,7.05
2256,1.0,1.057,103.0,7.05
2257,1.0,1.057,103.0,7.05
2258,0.0,0.24,14.0,0.0
2259,0.0,0.125,0.0,0.0
2260,1.0,0.591,27.0,4.5
2261,1.0,0.428,43.0,2.79
2262,1.0,1.057,103.0,7.05
2263,1.0,1.603,120.0,10.37
2264,0.0,0.178,6.0,2.0
2265,0.0,0.123,11.0,1.02
2266,0.0,0.387,31.0,0.0
2267,1.0,1.614,150.0,4.69
2268,0.0,0.27,8.0,1.79
2269,2.0,0.464,42.0,3.2
2270,4.0,0.1,1.0,1.0
2271,2.0,0.805,52.0,2.34
2272,1.0,0.443,70.0,2.97
2273,1.0,1.218,129.0,8.83
2274,1.0,1.254,27.0,4.45
2275,4.0,0.1,1.0,1.0
2276,1.0,0.634,76.0,3.75
2277,0.0,0.326,189.0,4.4
2278,2.0,0.349,92.0,2.85
2279,2.0,0.506,105.0,3.15
2280,4.0,0.1,3.0,0.0
2281,1.0,1.567,208.0,3.51
2282,1.0,3.143,90.0,8.6
2283,0.0,0.257,16.0,0.0
2284,0.0,0.361,90.0,1.74
2285,2.0,0.163,17.0,0.82
2286,2.0,0.578,120.0,3.71
2287,1.0,2.153,218.0,12.03
2288,2.0,0.578,87.0,1.56
2289,1.0,2.887,135.0,13.28
2290,1.0,2.322,224.0,13.94
2291,1.0,0.666,36.0,3.24
2292,1.0,15.993,1226.0,14.96
2293,0.0,0.141,12.0,0.62
2294,1.0,2.546,129.0,13.58
2295,2.0,0.693,34.0,2.96
2296,0.0,0.11,2.0,0.45
2297,0.0,0.11,2.0,0.45
2298,3.0,0.309,67.0,1.55
2299,1.0,1.778,175.0,7.17
2300,0.0,0.202,9.0,0.0
2301,4.0,0.1,1.0,1.0
2302,0.0,0.161,8.0,0.0
2303,0.0,0.387,31.0,0.0
2304,4.0,0.21,58.0,0.77
2305,0.0,0.136,4.0,0.0
2306,2.0,0.445,61.0,2.71
2307,2.0,0.464,42.0,3.2
2308,0.0,0.34,22.0,0.0
2309,4.0,0.21,58.0,0.77
2310,0.0,0.476,36.0,2.94
2311,0.0,0.18,8.0,0.0
2312,1.0,0.903,145.0,3.11
2313,1.0,1.655,139.0,4.73
2314,4.0,0.21,58.0,0.77
2315,3.0,0.45,19.0,2.58
2316,4.0,0.112,33.0,0.0
2317,0.0,0.24,14.0,0.0
2318,1.0,0.907,136.0,5.3
2319,2.0,0.226,29.0,2.91
2320,0.0,0.186,12.0,0.0
2321,1.0,1.421,25.0,6.85
2322,0.0,0.11,2.0,0.45
2323,4.0,0.1,1.0,1.0
2324,1.0,1.124,106.0,4.82
2325,0.0,0.212,21.0,0.93
2326,0.0,0.529,14.0,0.0
2327,0.0,0.387,31.0,0.0
2328,2.0,0.482,74.0,2.06
2329,1.0,0.666,36.0,3.24
2330,1.0,0.927,70.0,2.86
2331,3.0,0.306,29.0,2.64
2332,1.0,0.914,63.0,9.8
2333,0.0,0.387,31.0,0.0
2334,0.0,0.362,13.0,0.0
2335,2.0,0.445,91.0,1.88
2336,2.0,0.445,91.0,1.88
2337,1.0,1.533,122.0,4.81
2338,1.0,3.599,390.0,7.14
2339,0.0,0.141,4.0,0.82
2340,1.0,9.008,537.0,16.48
2341,0.0,0.181,4.0,1.36
2342,1.0,1.778,288.0,12.87
2343,0.0,0.476,36.0,2.94
2344,0.0,0.153,7.0,0.0
2345,1.0,0.687,64.0,4.67
2346,0.0,0.51,14.0,0.0
2347,1.0,0.846,169.0,3.56
2348,1.0,1.614,150.0,4.69
2349,1.0,0.734,114.0,2.89
2350,1.0,0.967,214.0,3.51
2351,3.0,0.666,75.0,1.91
2352,1.0,1.365,178.0,7.8
2353,4.0,0.151,12.0,0.86
2354,1.0,1.614,150.0,4.69
2355,1.0,1.057,38.0,5.59
2356,3.0,0.304,58.0,0.68
2357,1.0,1.057,103.0,7.05
2358,1.0,0.806,124.0,4.41
2359,2.0,0.464,42.0,3.2
2360,1.0,1.36,174.0,8.78
2361,1.0,1.188,12.0,2.95
2362,1.0,0.924,102.0,6.27
2363,1.0,2.153,218.0,12.03
2364,0.0,0.546,163.0,4.65
2365,1.0,3.376,35.0,5.16
2366,0.0,0.276,16.0,0.0
2367,1.0,0.916,56.0,7.57
2368,1.0,0.916,56.0,7.57
2369,1.0,1.285,124.0,5.33
2370,0.0,0.252,8.0,1.21
2371,0.0,1.0,2.0,0.0
2372,3.0,0.249,25.0,0.47
2373,1.0,1.498,114.0,2.49
2374,1.0,1.614,150.0,4.69
2375,1.0,1.78,199.0,13.21
2376,1.0,2.153,218.0,12.03
2377,1.0,2.153,218.0,12.03
2378,1.0,0.681,44.0,4.09
2379,1.0,0.94,73.0,2.36
2380,1.0,9.008,537.0,16.48
2381,1.0,2.075,97.0,12.37
2382,1.0,1.614,150.0,4.69
2383,2.0,0.502,83.0,3.87
2384,1.0,1.262,119.0,9.11
2385,1.0,1.262,119.0,9.11
2386,1.0,1.614,150.0,4.69
2387,1.0,0.774,55.0,3.43
2388,0.0,0.326,189.0,4.4
2389,1.0,3.599,390.0,7.14
2390,1.0,1.005,144.0,8.0
2391,0.0,0.127,6.0,0.0
2392,0.0,0.127,6.0,0.0
2393,0.0,0.286,15.0,0.0
2394,1.0,1.614,150.0,4.69
2395,1.0,1.314,87.0,5.9
2396,3.0,0.304,58.0,0.68
2397,1.0,2.986,236.0,13.09
2398,1.0,0.798,135.0,5.93
2399,1.0,0.76,139.0,4.19
2400,1.0,1.057,103.0,7.05
2401,1.0,1.236,33.0,4.58
2402,2.0,0.506,105.0,3.15
2403,2.0,0.777,73.0,3.18
2404,0.0,0.546,163.0,4.65
2405,1.0,1.086,66.0,6.18
2406,0.0,0.165,5.0,0.55
2407,1.0,0.587,127.0,4.48
2408,1.0,0.929,148.0,5.02
2409,0.0,1.033,39.0,0.0
2410,0.0,0.225,28.0,0.93
2411,0.0,0.547,20.0,0.0
2412,1.0,0.972,145.0,4.31
2413,1.0,3.042,135.0,6.08
2414,1.0,1.249,76.0,1.96
2415,1.0,1.274,110.0,3.45
2416,0.0,0.546,163.0,4.65
2417,1.0,1.36,174.0,8.78
2418,1.0,4.127,271.0,7.28
2419,0.0,0.411,16.0,4.55
2420,1.0,1.468,214.0,7.32
2421,1.0,9.008,537.0,16.48
2422,0.0,0.392,6.0,2.31
2423,0.0,0.174,9.0,0.0
2424,1.0,0.666,36.0,3.24
2425,1.0,0.94,73.0,2.36
2426,4.0,0.1,1.0,1.0
2427,0.0,2.483,23.0,13.03
2428,1.0,3.837,178.0,3.62
2429,1.0,4.103,449.0,8.2
2430,2.0,0.464,42.0,3.2
2431,0.0,0.326,189.0,4.4
2432,2.0,0.578,120.0,3.71
2433,1.0,3.599,390.0,7.14
2434,0.0,0.164,6.0,1.26
2435,1.0,3.599,390.0,7.14
2436,1.0,1.761,146.0,7.03
2437,1.0,7.471,245.0,12.12
2438,2.0,0.268,15.0,0.93
2439,0.0,0.476,36.0,2.94
2440,0.0,0.387,31.0,0.0
2441,0.0,0.25,15.0,1.69
2442,1.0,1.249,76.0,1.96
2443,2.0,0.947,110.0,2.78
2444,1.0,3.143,90.0,8.6
2445,1.0,2.628,182.0,4.71
2446,1.0,0.666,36.0,3.24
2447,1.0,0.502,81.0,3.55
2448,2.0,0.617,131.0,1.15
2449,2.0,0.464,42.0,3.2
2450,4.0,0.167,13.0,0.63
2451,1.0,0.63,64.0,4.79
2452,1.0,1.085,143.0,7.08
2453,3.0,0.304,58.0,0.68
2454,4.0,0.1,1.0,1.0
2455,1.0,1.057,103.0,7.05
2456,1.0,1.614,150.0,4.69
2457,0.0,0.277,116.0,1.26
2458,0.0,0.185,7.0,0.0
2459,1.0,1.02,33.0,2.95
2460,1.0,0.804,115.0,3.53
2461,3.0,0.316,67.0,2.52
2462,0.0,0.114,9.0,0.0
2463,1.0,0.685,79.0,5.23
2464,4.0,0.21,58.0,0.77
2465,1.0,1.321,47.0,4.38
2466,3.0,0.309,67.0,1.55
2467,2.0,0.579,140.0,1.55
2468,1.0,0.903,145.0,3.11
2469,1.0,0.903,145.0,3.11
2470,3.0,0.193,14.0,0.43
2471,2.0,0.317,88.0,2.13
2472,0.0,0.249,7.0,1.12
2473,0.0,0.136,5.0,1.0
2474,1.0,2.823,252.0,11.83
2475,1.0,1.498,114.0,2.49
2476,0.0,0.524,12.0,2.88
2477,3.0,0.276,51.0,1.61
2478,3.0,0.279,30.0,1.5
2479,0.0,0.451,11.0,0.0
2480,0.0,0.283,13.0,0.0
2481,0.0,0.317,9.0,0.0
2482,1.0,0.718,55.0,3.17
2483,1.0,0.666,36.0,3.24
2484,1.0,0.81,157.0,2.9
2485,0.0,0.106,5.0,0.0
2486,3.0,0.304,58.0,0.68
2487,1.0,0.924,102.0,6.27
2488,1.0,0.63,64.0,4.79
2489,1.0,0.99,332.0,3.04
2490,2.0,0.367,32.0,1.93
2491,0.0,0.319,77.0,1.88
2492,1.0,3.312,263.0,9.12
2493,0.0,0.11,2.0,0.45
2494,1.0,1.406,62.0,3.24
2495,1.0,2.153,218.0,12.03
2496,2.0,0.564,39.0,3.01
2497,0.0,0.226,3.0,1.87
2498,1.0,0.84,27.0,2.29
2499,1.0,1.124,106.0,4.82
2500,0.0,0.227,11.0,0.0
2501,1.0,1.778,288.0,12.87
2502,2.0,0.409,42.0,2.38
2503,0.0,0.129,4.0,0.51
2504,3.0,0.292,50.0,1.59
2505,0.0,0.286,15.0,0.0
2506,0.0,4.392,1.0,0.0
2507,1.0,0.684,43.0,3.39
2508,3.0,0.238,66.0,1.19
2509,2.0,0.38,37.0,2.59
2510,0.0,0.141,9.0,0.0
2511,0.0,0.248,68.0,1.2
2512,1.0,3.599,390.0,7.14
2513,1.0,1.057,38.0,5.59
2514,3.0,0.304,58.0,0.68
2515,2.0,0.509,21.0,1.16
2516,4.0,0.1,1.0,1.0
2517,1.0,8.523,148.0,10.39
2518,1.0,1.009,30.0,2.4
2519,3.0,0.304,58.0,0.68
2520,3.0,0.304,58.0,0.68
2521,3.0,0.208,52.0,0.0
2522,2.0,0.578,120.0,3.71
2523,1.0,1.614,150.0,4.69
2524,1.0,0.862,45.0,4.35
2525,4.0,0.21,58.0,0.77
2526,3.0,0.304,58.0,0.68
2527,0.0,0.293,1.0,0.0
2528,0.0,0.32,1.0,0.0
2529,0.0,0.196,7.0,1.26
2530,3.0,0.304,58.0,0.68
2531,0.0,0.269,6.0,1.72
2532,0.0,0.307,11.0,1.78
2533,1.0,0.84,27.0,2.29
2534,1.0,2.01,223.0,10.76
2535,1.0,1.057,103.0,7.05
2536,1.0,0.99,332.0,3.04
2537,1.0,9.008,537.0,16.48
2538,2.0,0.385,41.0,2.18
2539,1.0,0.846,169.0,3.56
2540,0.0,0.17,6.0,1.44
2541,0.0,0.463,15.0,0.0
2542,2.0,0.381,26.0,1.85
2543,0.0,0.139,8.0,0.0
2544,0.0,0.167,9.0,0.0
2545,1.0,1.439,93.0,4.32
2546,1.0,0.666,36.0,3.24
2547,1.0,9.008,537.0,16.48
2548,0.0,0.441,34.0,0.0
2549,0.0,0.339,11.0,2.99
2550,1.0,1.614,150.0,4.69
2551,0.0,0.363,56.0,4.33
2552,3.0,0.304,58.0,0.68
2553,1.0,1.601,197.0,7.34
2554,0.0,1.122,96.0,7.95
2555,0.0,0.398,8.0,0.0
2556,2.0,0.777,73.0,3.18
2557,4.0,0.1,1.0,1.0
2558,1.0,0.806,124.0,4.41
2559,0.0,0.156,6.0,0.62
2560,1.0,1.498,114.0,2.49
2561,2.0,0.578,120.0,3.71
2562,2.0,0.497,14.0,3.62
2563,3.0,0.162,10.0,0.2
2564,0.0,0.476,36.0,2.94
2565,1.0,1.406,62.0,3.24
2566,2.0,0.464,42.0,3.2
2567,1.0,7.638,58.0,8.44
2568,3.0,0.727,0.0,0.0
2569,2.0,0.538,48.0,1.45
2570,1.0,1.365,178.0,7.8
2571,0.0,0.141,4.0,0.82
2572,2.0,0.915,41.0,2.53
2573,1.0,0.98,87.0,6.69
2574,1.0,0.946,134.0,5.5
2575,2.0,0.603,57.0,2.69
2576,0.0,0.386,10.0,2.34
2577,0.0,0.263,36.0,1.31
2578,3.0,0.304,58.0,0.68
2579,3.0,0.304,58.0,0.68
2580,1.0,1.613,133.0,10.45
2581,1.0,1.057,103.0,7.05
2582,1.0,0.587,127.0,4.48
2583,0.0,0.264,39.0,1.23
2584,0.0,0.313,13.0,2.37
2585,4.0,0.1,1.0,1.0
2586,0.0,0.257,16.0,0.0
2587,1.0,0.718,55.0,3.17
2588,3.0,0.282,80.0,1.04
2589,1.0,1.614,150.0,4.69
2590,0.0,0.463,19.0,0.0
2591,1.0,0.587,127.0,4.48
2592,1.0,0.666,36.0,3.24
2593,1.0,1.188,12.0,2.95
2594,1.0,4.103,449.0,8.2
2595,0.0,0.272,10.0,1.62
2596,0.0,0.469,24.0,8.48
2597,0.0,0.484,17.0,0.0
2598,0.0,0.45,10.0,3.38
2599,1.0,2.153,218.0,12.03
2600,0.0,0.277,116.0,1.26
2601,2.0,0.31,99.0,3.25
2602,0.0,0.147,5.0,0.0
2603,2.0,0.564,39.0,3.01
2604,4.0,0.21,58.0,0.77
2605,1.0,2.565,64.0,6.1
2606,1.0,1.614,150.0,4.69
2607,1.0,0.815,138.0,4.68
2608,2.0,1.301,98.0,2.1
2609,4.0,0.1,1.0,1.0
2610,1.0,0.82,119.0,4.47
2611,0.0,0.222,15.0,0.0
2612,4.0,0.167,13.0,0.63
2613,1.0,1.35,55.0,5.69
2614,2.0,0.535,21.0,1.77
2615,3.0,0.238,66.0,1.19
2616,0.0,0.141,9.0,0.0
2617,0.0,0.124,1.0,1.0
2618,1.0,3.259,364.0,6.82
2619,0.0,0.137,10.0,0.54
2620,1.0,1.294,114.0,4.37
2621,1.0,1.406,62.0,3.24
2622,0.0,0.241,18.0,1.05
2623,0.0,0.54,12.0,4.31
2624,3.0,0.231,22.0,1.06
2625,3.0,0.195,13.0,0.5
2626,1.0,1.057,103.0,7.05
2627,1.0,1.057,103.0,7.05
2628,0.0,0.208,6.0,0.81
2629,1.0,2.393,287.0,9.59
2630,1.0,0.945,51.0,5.91
2631,1.0,2.01,223.0,10.76
2632,1.0,0.718,55.0,3.17
2633,0.0,1.0,3.0,0.0
2634,0.0,0.314,86.0,3.4
2635,4.0,0.1,1.0,1.0
2636,4.0,0.21,58.0,0.77
2637,1.0,0.35,52.0,2.28
2638,1.0,1.614,150.0,4.69
2639,1.0,0.99,332.0,3.04
2640,0.0,0.339,11.0,2.99
2641,1.0,1.218,129.0,8.83
2642,1.0,0.99,332.0,3.04
2643,3.0,0.22,57.0,1.3
2644,0.0,0.155,8.0,0.0
2645,3.0,0.226,6.0,1.27
2646,3.0,0.2,49.0,0.84
2647,1.0,0.53,76.0,3.12
2648,1.0,0.702,92.0,2.81
2649,1.0,1.406,62.0,3.24
2650,0.0,0.168,17.0,1.1
2651,1.0,0.734,114.0,2.89
2652,1.0,0.73,42.0,4.61
2653,1.0,0.681,121.0,3.98
2654,1.0,2.153,218.0,12.03
2655,1.0,0.718,55.0,3.17
2656,1.0,2.546,129.0,13.58
2657,2.0,0.745,71.0,3.03
2658,1.0,1.102,58.0,2.53
2659,1.0,2.907,182.0,4.08
2660,1.0,3.599,390.0,7.14
2661,0.0,0.476,36.0,2.94
2662,0.0,0.11,2.0,0.45
2663,1.0,2.153,218.0,12.03
2664,2.0,0.195,14.0,0.24
2665,4.0,0.1,1.0,1.0
2666,3.0,0.193,14.0,0.43
2667,3.0,0.244,24.0,1.32
2668,4.0,0.1,1.0,1.0
2669,0.0,0.387,31.0,0.0
2670,0.0,0.141,4.0,0.82
2671,1.0,2.773,82.0,11.49
2672,2.0,0.379,27.0,4.42
2673,1.0,0.587,127.0,4.48
2674,0.0,0.238,19.0,0.95
2675,2.0,0.341,40.0,2.5
2676,3.0,0.276,51.0,1.61
2677,0.0,0.319,77.0,1.88
2678,1.0,1.145,105.0,8.17
2679,1.0,1.099,60.0,2.3
2680,1.0,0.666,36.0,3.24
2681,1.0,1.406,62.0,3.24
2682,1.0,0.672,43.0,1.37
2683,0.0,0.164,15.0,0.53
2684,0.0,0.101,6.0,0.0
2685,1.0,0.666,36.0,3.24
2686,2.0,0.578,120.0,3.71
2687,3.0,0.304,58.0,0.68
2688,1.0,1.057,103.0,7.05
2689,0.0,0.124,7.0,0.0
2690,1.0,1.446,142.0,4.84
2691,0.0,0.134,6.0,0.66
2692,2.0,0.609,46.0,5.14
2693,3.0,0.304,17.0,1.1
2694,1.0,1.567,208.0,3.51
2695,1.0,0.913,62.0,2.63
2696,1.0,3.026,179.0,10.88
2697,0.0,0.206,16.0,0.8
2698,0.0,0.276,26.0,1.29
2699,0.0,0.39,12.0,1.98
2700,2.0,0.535,21.0,1.77
2701,2.0,0.518,32.0,3.06
2702,0.0,0.153,10.0,0.0
2703,2.0,0.32,17.0,2.64
2704,0.0,0.448,13.0,0.0
2705,0.0,0.59,18.0,0.0
2706,1.0,1.057,103.0,7.05
2707,1.0,1.614,150.0,4.69
2708,4.0,0.1,1.0,1.0
2709,1.0,1.057,103.0,7.05
2710,1.0,0.99,332.0,3.04
2711,0.0,0.127,6.0,0.0
2712,2.0,0.564,39.0,3.01
2713,0.0,0.166,7.0,0.79
2714,1.0,0.666,36.0,3.24
2715,0.0,0.151,6.0,0.63
2716,3.0,0.305,43.0,2.17
2717,0.0,0.441,34.0,0.0
2718,2.0,0.365,38.0,2.64
2719,0.0,0.138,7.0,0.0
2720,1.0,1.124,106.0,4.82
2721,2.0,0.445,91.0,1.88
2722,2.0,0.367,32.0,1.93
2723,3.0,0.248,22.0,2.23
2724,1.0,0.94,73.0,2.36
2725,1.0,0.547,67.0,1.71
2726,2.0,0.379,27.0,4.42
2727,3.0,0.304,58.0,0.68
2728,1.0,0.365,29.0,2.31
2729,4.0,0.1,1.0,1.0
2730,3.0,0.282,80.0,1.04
2731,1.0,0.587,127.0,4.48
2732,2.0,0.777,73.0,3.18
2733,4.0,0.106,9.0,0.02
2734,2.0,1.113,62.0,2.93
2735,3.0,0.304,58.0,0.68
2736,0.0,0.276,26.0,1.29
2737,4.0,0.1,1.0,1.0
2738,1.0,1.099,60.0,2.3
2739,1.0,1.46,93.0,2.49
2740,1.0,2.075,97.0,12.37
2741,1.0,1.207,70.0,4.91
2742,2.0,0.445,61.0,2.71
2743,4.0,0.124,1.0,0.0
2744,4.0,0.183,24.0,0.72
2745,0.0,0.124,7.0,0.0
2746,1.0,0.666,36.0,3.24
2747,0.0,0.358,12.0,5.62
2748,0.0,0.387,31.0,0.0
2749,0.0,0.314,86.0,3.4
2750,1.0,1.533,122.0,4.81
2751,1.0,0.945,51.0,5.91
2752,0.0,0.326,189.0,4.4
2753,1.0,1.124,106.0,4.82
2754,2.0,0.396,55.0,2.6
2755,4.0,0.1,1.0,1.0
2756,3.0,0.193,14.0,0.43
2757,1.0,1.909,142.0,8.43
2758,2.0,0.777,73.0,3.18
2759,1.0,0.734,114.0,2.89
2760,0.0,0.161,8.0,0.0
2761,0.0,0.207,12.0,0.0
2762,0.0,0.476,36.0,2.94
2763,3.0,0.238,66.0,1.19
2764,2.0,0.445,85.0,3.25
2765,2.0,0.381,33.0,1.47
2766,1.0,2.635,89.0,7.24
2767,0.0,0.32,1.0,0.0
2768,3.0,0.304,58.0,0.68
2769,3.0,0.239,14.0,1.86
2770,1.0,0.587,127.0,4.48
2771,2.0,0.693,34.0,2.96
2772,1.0,3.599,390.0,7.14
2773,1.0,0.98,87.0,6.69
2774,1.0,1.005,144.0,8.0
2775,1.0,0.35,52.0,2.28
2776,0.0,0.125,0.0,0.0
2777,1.0,0.638,87.0,4.72
2778,1.0,2.001,185.0,6.8
2779,0.0,0.308,4.0,1.94
2780,1.0,2.001,185.0,6.8
2781,0.0,0.354,17.0,2.29
2782,1.0,0.666,36.0,3.24
2783,2.0,0.416,88.0,2.87
2784,1.0,1.085,143.0,7.08
2785,1.0,9.008,537.0,16.48
2786,1.0,9.008,537.0,16.48
2787,4.0,0.1,1.0,1.0
2788,0.0,0.363,56.0,4.33
2789,1.0,2.628,182.0,4.71
2790,1.0,2.147,162.0,8.94
2791,4.0,0.21,58.0,0.77
2792,3.0,0.541,91.0,1.8
2793,1.0,3.216,162.0,14.5
2794,4.0,0.1,1.0,1.0
2795,1.0,3.599,390.0,7.14
2796,3.0,0.253,42.0,1.42
2797,3.0,0.22,57.0,1.3
2798,0.0,0.326,29.0,1.76
2799,2.0,0.341,40.0,2.5
2800,1.0,0.587,127.0,4.48
2801,3.0,0.402,56.0,1.31
2802,1.0,1.293,125.0,6.98
2803,1.0,0.718,55.0,3.17
2804,1.0,1.057,103.0,7.05
2805,0.0,0.211,8.0,1.01
2806,2.0,0.485,35.0,2.59
2807,0.0,0.286,15.0,0.0
2808,1.0,9.008,537.0,16.48
2809,1.0,1.009,21.0,5.4
2810,1.0,1.057,103.0,7.05
2811,2.0,0.684,29.0,2.88
2812,2.0,0.57,24.0,5.96
2813,0.0,0.13,1.0,1.0
2814,1.0,1.468,214.0,7.32
2815,1.0,1.614,150.0,4.69
2816,2.0,0.576,24.0,2.67
2817,0.0,0.189,53.0,0.75
2818,2.0,0.56,19.0,2.41
2819,3.0,0.193,14.0,0.43
2820,0.0,0.11,2.0,0.45
2821,2.0,0.464,42.0,3.2
2822,1.0,0.806,124.0,4.41
2823,1.0,1.057,103.0,7.05
2824,2.0,0.331,57.0,1.74
2825,1.0,0.617,33.0,4.89
2826,1.0,1.981,162.0,4.32
2827,1.0,1.009,30.0,2.4
2828,1.0,0.666,36.0,3.24
2829,2.0,1.358,129.0,4.07
2830,1.0,2.075,97.0,12.37
2831,1.0,1.124,106.0,4.82
2832,1.0,0.846,169.0,3.56
2833,2.0,0.544,83.0,4.17
2834,1.0,0.862,45.0,4.35
2835,1.0,1.614,150.0,4.69
2836,0.0,0.179,4.0,0.95
2837,1.0,1.068,105.0,3.91
2838,1.0,3.509,128.0,5.37
2839,2.0,0.344,70.0,2.34
2840,1.0,1.996,183.0,2.24
2841,1.0,1.005,144.0,8.0
2842,2.0,0.365,38.0,2.64
2843,1.0,6.661,302.0,9.0
2844,1.0,1.468,214.0,7.32
2845,1.0,3.599,390.0,7.14
2846,1.0,1.057,103.0,7.05
2847,1.0,1.057,103.0,7.05
2848,4.0,0.1,1.0,1.0
2849,1.0,1.384,86.0,5.33
2850,1.0,0.622,62.0,2.34
2851,0.0,0.279,7.0,0.0
2852,0.0,0.141,9.0,0.0
2853,2.0,0.464,42.0,3.2
2854,2.0,0.341,40.0,2.5
2855,1.0,1.492,210.0,10.35
2856,2.0,0.379,27.0,4.42
2857,1.0,1.776,129.0,9.26
2858,0.0,0.121,9.0,0.0
2859,0.0,0.191,5.0,1.17
2860,0.0,0.129,4.0,0.0
2861,3.0,0.765,29.0,1.96
2862,0.0,0.228,15.0,1.56
2863,0.0,0.352,29.0,2.53
2864,0.0,0.619,12.0,0.0
2865,1.0,0.913,62.0,2.63
2866,1.0,1.613,133.0,10.45
2867,1.0,9.008,537.0,16.48
2868,0.0,0.286,15.0,0.0
2869,0.0,0.337,6.0,1.02
2870,1.0,1.644,82.0,3.48
2871,1.0,0.666,36.0,3.24
2872,1.0,0.35,52.0,2.28
2873,0.0,0.421,4.0,0.0
2874,2.0,0.446,43.0,3.07
2875,2.0,0.379,27.0,4.42
2876,1.0,1.057,38.0,5.59
2877,1.0,1.005,144.0,8.0
2878,0.0,0.102,3.0,0.0
2879,0.0,0.124,7.0,0.0
2880,1.0,1.262,119.0,9.11
2881,4.0,0.1,1.0,1.0
2882,1.0,2.121,103.0,8.39
2883,1.0,1.093,115.0,2.14
2884,3.0,0.309,67.0,1.55
2885,0.0,0.112,0.0,0.0
2886,0.0,0.272,60.0,2.26
2887,0.0,0.196,7.0,1.26
2888,1.0,1.614,150.0,4.69
2889,1.0,1.365,178.0,7.8
2890,0.0,0.546,163.0,4.65
2891,0.0,0.251,14.0,0.0
2892,1.0,1.124,106.0,4.82
2893,0.0,0.264,39.0,1.23
2894,1.0,1.638,270.0,7.53
2895,4.0,0.21,58.0,0.77
2896,0.0,0.11,2.0,0.45
2897,0.0,1.0,2.0,0.0
2898,0.0,0.476,36.0,2.94
2899,0.0,0.153,10.0,0.0
2900,0.0,0.239,49.0,1.35
2901,1.0,0.929,148.0,5.02
2902,4.0,0.125,1.0,0.0
2903,0.0,0.339,11.0,2.99
2904,2.0,0.504,29.0,2.32
2905,2.0,0.367,32.0,1.93
2906,0.0,0.326,29.0,1.76
2907,3.0,0.727,0.0,0.0
2908,1.0,1.009,30.0,2.4
2909,0.0,0.476,36.0,2.94
2910,1.0,0.587,127.0,4.48
2911,0.0,0.184,12.0,0.0
2912,2.0,0.324,53.0,2.03
2913,1.0,0.733,122.0,5.17
2914,1.0,1.085,143.0,7.08
2915,1.0,2.001,185.0,6.8
2916,1.0,1.005,144.0,8.0
2917,2.0,0.502,83.0,3.87
2918,2.0,0.665,68.0,1.57
2919,1.0,1.032,102.0,5.11
2920,0.0,0.129,8.0,0.0
2921,1.0,1.057,103.0,7.05
2922,1.0,1.057,103.0,7.05
2923,1.0,0.685,79.0,5.23
2924,1.0,0.846,169.0,3.56
2925,0.0,0.184,7.0,1.18
2926,0.0,0.156,6.0,0.62
2927,1.0,0.98,87.0,6.69
2928,3.0,0.282,80.0,1.04
2929,1.0,0.734,114.0,2.89
2930,1.0,0.903,145.0,3.11
2931,1.0,0.903,145.0,3.11
2932,1.0,0.666,36.0,3.24
2933,1.0,2.079,163.0,19.16
2934,1.0,1.567,208.0,3.51
2935,4.0,0.1,1.0,1.0
2936,1.0,3.599,390.0,7.14
2937,0.0,0.257,16.0,0.0
2938,1.0,1.274,79.0,6.77
2939,1.0,1.365,178.0,7.8
2940,1.0,1.473,180.0,4.21
2941,1.0,1.567,208.0,3.51
2942,1.0,0.718,55.0,3.17
2943,0.0,0.186,11.0,1.03
2944,1.0,1.005,84.0,4.8
2945,1.0,3.599,390.0,7.14
2946,1.0,1.365,178.0,7.8
2947,1.0,2.628,182.0,4.71
2948,2.0,0.357,105.0,1.22
2949,3.0,0.195,13.0,0.5
2950,1.0,2.153,218.0,12.03
2951,1.0,2.001,185.0,6.8
2952,0.0,0.326,189.0,4.4
2953,1.0,2.159,266.0,8.02
2954,0.0,0.141,9.0,0.0
2955,4.0,0.1,1.0,1.0
2956,1.0,1.613,133.0,10.45
2957,0.0,0.142,5.0,1.25
2958,0.0,0.317,9.0,0.0
2959,2.0,0.545,34.0,1.84
2960,3.0,0.282,37.0,1.39
2961,1.0,0.94,73.0,2.36
2962,0.0,0.141,4.0,0.82
2963,1.0,1.057,103.0,7.05
2964,0.0,0.225,9.0,0.84
2965,1.0,0.924,102.0,6.27
2966,2.0,0.365,38.0,2.64
2967,4.0,0.1,1.0,1.0
2968,1.0,1.644,161.0,4.22
2969,0.0,0.441,34.0,0.0
2970,1.0,0.443,70.0,2.97
2971,1.0,1.137,144.0,4.71
2972,1.0,1.614,150.0,4.69
2973,1.0,0.666,36.0,3.24
2974,1.0,1.057,103.0,7.05
2975,1.0,0.605,8.0,1.77
2976,1.0,1.365,178.0,7.8
2977,0.0,0.361,90.0,1.74
2978,1.0,0.864,76.0,4.63
2979,3.0,0.193,14.0,0.43
2980,2.0,0.723,24.0,3.34
2981,1.0,0.82,119.0,4.47
2982,2.0,0.609,46.0,5.14
2983,2.0,0.379,27.0,4.42
2984,3.0,0.316,67.0,2.52
2985,3.0,0.426,46.0,0.86
2986,1.0,1.614,150.0,4.69
2987,0.0,0.361,90.0,1.74
2988,0.0,0.319,77.0,1.88
2989,4.0,0.144,1.0,0.0
2990,1.0,1.614,150.0,4.69
2991,0.0,0.217,14.0,0.0
2992,3.0,0.304,58.0,0.68
2993,0.0,0.129,3.0,0.44
2994,1.0,0.587,127.0,4.48
2995,1.0,0.813,25.0,9.0
2996,3.0,0.247,46.0,1.82
2997,1.0,2.153,218.0,12.03
2998,2.0,0.348,53.0,3.12
2999,1.0,2.69,106.0,3.6
3000,1.0,1.207,70.0,4.91
3001,0.0,0.145,5.0,0.65
3002,1.0,1.567,208.0,3.51
3003,2.0,0.506,105.0,3.15
3004,0.0,1.023,176.0,6.03
3005,2.0,0.379,27.0,4.42
3006,3.0,0.217,10.0,2.04
3007,2.0,0.331,57.0,1.74
3008,2.0,0.591,69.0,2.31
3009,2.0,0.385,50.0,3.11
3010,0.0,0.186,1.0,3.0
3011,2.0,0.366,47.0,2.68
3012,1.0,0.666,36.0,3.24
3013,1.0,1.262,119.0,9.11
3014,0.0,0.169,7.0,0.52
3015,0.0,0.264,39.0,1.23
3016,2.0,0.492,42.0,3.67
3017,0.0,0.326,189.0,4.4
3018,2.0,0.435,37.0,1.98
3019,1.0,1.614,150.0,4.69
3020,0.0,0.288,13.0,0.0
3021,1.0,1.071,357.0,3.99
3022,3.0,0.199,5.0,2.09
3023,1.0,0.804,115.0,3.53
3024,2.0,0.367,27.0,1.46
3025,1.0,1.057,103.0,7.05
3026,0.0,0.153,10.0,0.0
3027,0.0,1.0,2.0,0.0
3028,2.0,0.266,20.0,1.23
3029,0.0,0.141,4.0,0.82
3030,3.0,0.309,67.0,1.55
3031,1.0,1.549,92.0,6.11
3032,1.0,0.666,36.0,3.24
3033,0.0,0.361,90.0,1.74
3034,1.0,1.057,38.0,5.59
3035,0.0,0.476,36.0,2.94
3036,1.0,1.961,193.0,7.55
3037,1.0,0.94,73.0,2.36
3038,1.0,1.143,52.0,3.41
3039,1.0,0.813,46.0,3.31
3040,2.0,0.534,17.0,3.11
3041,1.0,1.406,62.0,3.24
3042,0.0,0.185,7.0,0.0
3043,1.0,1.365,178.0,7.8
3044,2.0,0.609,46.0,5.14
3045,1.0,0.783,28.0,5.36
3046,1.0,0.638,87.0,4.72
3047,0.0,0.108,2.0,0.28
3048,4.0,0.1,1.0,1.0
3049,0.0,0.151,6.0,0.63
3050,1.0,3.599,390.0,7.14
3051,1.0,2.153,218.0,12.03
3052,3.0,0.279,30.0,1.5
3053,1.0,3.493,82.0,5.13
3054,1.0,0.721,60.0,3.68
3055,1.0,2.565,64.0,6.1
3056,1.0,2.153,218.0,12.03
3057,0.0,0.124,23.0,0.0
3058,4.0,0.1,1.0,1.0
3059,0.0,0.11,2.0,0.45
3060,2.0,0.522,25.0,3.71
3061,2.0,0.445,91.0,1.88
3062,3.0,0.309,67.0,1.55
3063,1.0,0.972,145.0,4.31
3064,1.0,0.734,114.0,2.89
3065,1.0,0.767,101.0,4.09
3066,1.0,1.009,30.0,2.4
3067,1.0,0.972,145.0,4.31
3068,0.0,0.138,4.0,0.0
3069,0.0,0.867,10.0,0.0
3070,1.0,1.009,30.0,2.4
3071,0.0,0.352,29.0,2.53
3072,1.0,1.406,62.0,3.24
3073,1.0,1.262,119.0,9.11
3074,0.0,0.286,15.0,0.0
3075,1.0,9.008,537.0,16.48
3076,1.0,1.406,62.0,3.24
3077,0.0,0.156,11.0,0.93
3078,2.0,0.506,105.0,3.15
3079,1.0,1.262,119.0,9.11
3080,1.0,1.145,105.0,8.17
3081,1.0,1.591,153.0,8.41
3082,4.0,0.1,1.0,1.0
3083,1.0,0.946,134.0,5.5
3084,3.0,0.302,60.0,1.95
3085,0.0,0.279,7.0,0.0
3086,4.0,0.1,1.0,1.0
3087,0.0,0.524,12.0,2.88
3088,1.0,2.121,103.0,8.39
3089,1.0,2.153,218.0,12.03
3090,1.0,2.823,252.0,11.83
3091,2.0,0.777,73.0,3.18
3092,1.0,0.587,127.0,4.48
3093,3.0,0.226,16.0,1.85
3094,2.0,0.41,9.0,2.71
3095,2.0,0.379,27.0,4.42
3096,3.0,0.238,66.0,1.19
3097,2.0,0.777,73.0,3.18
3098,0.0,0.222,15.0,0.0
3099,0.0,0.16,5.0,0.78
3100,1.0,2.153,218.0,12.03
3101,1.0,0.798,135.0,5.93
3102,2.0,0.578,120.0,3.71
3103,3.0,0.304,58.0,0.68
3104,1.0,1.446,142.0,4.84
3105,0.0,0.203,13.0,0.0
3106,1.0,2.079,163.0,19.16
3107,2.0,0.373,48.0,2.58
3108,1.0,0.169,4.0,0.13
3109,0.0,0.156,11.0,0.93
3110,2.0,0.379,27.0,4.42
3111,1.0,0.622,62.0,2.34
3112,3.0,0.292,50.0,1.59
3113,1.0,1.057,103.0,7.05
3114,1.0,1.124,106.0,4.82
3115,0.0,0.187,7.0,0.97
3116,1.0,0.976,84.0,2.77
3117,2.0,1.113,62.0,2.93
3118,1.0,0.806,124.0,4.41
3119,4.0,0.1,1.0,1.0
3120,0.0,0.334,22.0,1.85
3121,1.0,2.947,54.0,6.52
3122,4.0,0.1,1.0,1.0
3123,0.0,0.185,11.0,1.02
3124,0.0,0.105,9.0,0.14
3125,2.0,0.365,38.0,2.64
3126,2.0,0.373,48.0,2.58
3127,1.0,1.057,103.0,7.05
3128,0.0,0.239,34.0,1.41
3129,4.0,0.1,1.0,1.0
3130,1.0,1.085,143.0,7.08
3131,4.0,0.145,26.0,1.4
3132,2.0,0.373,48.0,2.58
3133,1.0,1.009,17.0,3.23
3134,4.0,0.1,3.0,0.0
3135,1.0,1.262,119.0,9.11
3136,2.0,0.693,34.0,2.96
3137,3.0,0.304,58.0,0.68
3138,2.0,0.367,32.0,1.93
3139,1.0,0.806,124.0,4.41
3140,1.0,1.614,150.0,4.69
3141,2.0,0.314,98.0,4.12
3142,2.0,0.445,85.0,3.25
3143,0.0,0.196,7.0,1.26
3144,1.0,1.061,101.0,8.01
3145,3.0,0.316,67.0,2.52
3146,3.0,0.335,50.0,1.88
3147,0.0,0.214,5.0,0.0
3148,1.0,1.124,106.0,4.82
3149,1.0,1.124,106.0,4.82
3150,1.0,5.564,89.0,7.94
3151,2.0,0.373,48.0,2.58
3152,1.0,1.46,93.0,2.49
3153,3.0,0.304,58.0,0.68
3154,4.0,0.21,58.0,0.77
3155,0.0,0.595,12.0,0.0
3156,1.0,1.614,150.0,4.69
3157,1.0,0.753,108.0,2.65
3158,1.0,0.98,87.0,6.69
3159,1.0,0.371,25.0,2.79
3160,1.0,0.94,73.0,2.36
3161,4.0,0.1,1.0,1.0
3162,1.0,0.35,52.0,2.28
3163,0.0,0.32,1.0,0.0
